SKU,Quantity,Reason
CY034-ChristmasStoryUnionSuit-3XL,1,AMZ-PG-APP-TOO-SMALL
Office010-M,1,AMZ-PG-APP-STYLE
NasaBoots-PLZZ7270TV-8-9,1,AMZ-PG-APP-STYLE
drseuss024-XXL,1,AMZ-PG-APP-TOO-LARGE
bigbang003-L,1,AMZ-PG-APP-STYLE
SquidGameSuit-GREEN-001-2XL,1,AMZ-PG-BAD-DESC
SquidGameSuit-GREEN-218-2XL,1,AMZ-PG-BAD-DESC
220752-RockfordPeachesMENS-L/XL,1,CR-MISSED_ESTIMATED_DELIVERY
220967-RoxburySuit-Blue-L,1,CR-ORDERED_WRONG_ITEM
220967-RoxburySuit-Blue-M,1,CR-DAMAGED_BY_FC
superherocape002CHILDblk-blk,1,CR-MISSED_ESTIMATED_DELIVERY
221025-HulkSleevelessShirt-M,1,AMZ-PG-APP-TOO-LARGE
QF009BBSTV-BlueyPajamas-6,1,CR-DEFECTIVE
junk187-L,1,AMZ-PG-APP-TOO-SMALL
biglpants001-XXL,1,AMZ-PG-APP-TOO-SMALL
stepbros010-L,1,AMZ-PG-APP-TOO-SMALL
waldocostumeDELUXE-BOYS-M,1,AMZ-PG-BAD-DESC
junk187-4XL,1,AMZ-PG-APP-TOO-SMALL
suicidesquad003-L,1,CR-UNWANTED_ITEM
hangover014-M,1,AMZ-PG-APP-STYLE
frankie002-M,1,AMZ-PG-APP-TOO-SMALL
sesame034-6,1,CR-QUALITY_UNACCEPTABLE
superherocape002CHILDblk-blk,1,AMZ-PG-APP-TOO-SMALL
221036-RetroJacketDesign2-M,1,CR-UNWANTED_ITEM
221036-RetroJacketDesign2-L,1,CR-UNWANTED_ITEM
SRST02-StarTrekLS-Blue-2XL,1,AMZ-PG-BAD-DESC
DSMN-BoysMonstersJacket-M,1,AMZ-PG-BAD-DESC
sbb015-XL,1,AMZ-PG-APP-TOO-SMALL
BuzzLightYearLongSleeveAdultShirt-XXL,1,CR-ORDERED_WRONG_ITEM
NDLA0FGMBJ-AvatarPanelPants-M,1,CR-MISSED_ESTIMATED_DELIVERY
alsunny021-S,1,AMZ-PG-APP-TOO-SMALL
alsunny005-M,1,AMZ-PG-APP-TOO-SMALL
220844-BoxingRobeKids-Blk,1,AMZ-PG-APP-TOO-LARGE
sharkcostume-M-L,1,CR-DEFECTIVE
junk187-M,1,CR-UNWANTED_ITEM
spacedogwig001,1,CR-DEFECTIVE
leagueoftheirowncostume-2X/3X,1,AMZ-PG-APP-TOO-LARGE
leagueoftheirowncostume-2X/3X,1,AMZ-PG-APP-TOO-LARGE
JediBoots-100582-L,1,AMZ-PG-APP-TOO-SMALL
DRSE0D8M-Thing1-Shirt-2XL,1,AMZ-PG-APP-TOO-LARGE
hangoversatchel,1,CR-MISSED_ESTIMATED_DELIVERY
220916-FlintTropics33Set-L/XL,1,CR-UNWANTED_ITEM
100576BLACK-L,1,AMZ-PG-APP-STYLE
suicidesquad003-M,1,AMZ-PG-APP-TOO-LARGE
suicidesquad004-M,1,AMZ-PG-APP-TOO-LARGE
ElfLoungePants-WR0322-52-S,1,AMZ-PG-APP-TOO-LARGE
wrestlingboots-MY,1,AMZ-PG-APP-TOO-SMALL
M&M-Yellow-JUNIORS-Shirt-XL,1,AMZ-PG-APP-TOO-SMALL
M&M-Blue-JUNIORS-Shirt-M,1,AMZ-PG-APP-TOO-SMALL
M&M-Green-JUNIORS-Shirt-S,1,AMZ-PG-APP-TOO-SMALL
Custom-ShamrockBeer-Sweatshirt-L,1,AMZ-PG-APP-TOO-LARGE
bobsburgers007-XL,1,AMZ-PG-APP-TOO-SMALL
DRSE0DEM-TipHat-Shirt-M,1,CR-UNWANTED_ITEM
DRSE0DEM-TipHat-Shirt-L,1,CR-UNWANTED_ITEM
220994-SheriffKidsShirt-5-6Y,1,CR-UNWANTED_ITEM
tmnt046jMike-M,1,AMZ-PG-APP-TOO-SMALL
hulkwristband,1,CR-MISSED_ESTIMATED_DELIVERY
220846-BoxingRobeKids-Red,1,CR-MISSED_ESTIMATED_DELIVERY
topgun002-XL,1,CR-SWITCHEROO
suicidesquad003-S,1,AMZ-PG-APP-TOO-SMALL
waldocostumeDELUXE-XXXL,1,AMZ-PG-BAD-DESC
super022-XL,1,AMZ-PG-APP-TOO-SMALL
bigl032-XL,1,AMZ-PG-APP-TOO-LARGE
DRSE0D8M-Thing1-Shirt-XS,1,CR-MISSED_ESTIMATED_DELIVERY
tmnteyemaskset,1,AMZ-PG-BAD-DESC
HRWD01UGJ-PurpleBlazerJacket-XL,1,CR-FOUND_BETTER_PRICE
220895-MartyMcflyCostume-M,1,CR-SWITCHEROO
100576BLACK-L,1,AMZ-PG-APP-TOO-SMALL
220969-JunoShirtStripes-L,1,AMZ-PG-APP-TOO-SMALL
hulkpantsN001-L,1,AMZ-PG-APP-TOO-LARGE
pedro009-XL,1,CR-MISSED_ESTIMATED_DELIVERY
arrested011-S,1,AMZ-PG-APP-TOO-SMALL
DRSE0D8M-Thing1-Shirt-XL,1,CR-UNWANTED_ITEM
ShortSleeve-VenkmanTee-M,1,CR-DEFECTIVE
QF009BBSTV-BlueyPajamas-4,1,CR-ORDERED_WRONG_ITEM
scottpilgrimramonabag-Green/Navy,1,CR-UNWANTED_ITEM
Thing1-6-UnionSuit-ADULT-S,1,CR-DEFECTIVE
waldocostumeDELUXE-XL,1,CR-UNWANTED_ITEM
Custom-ShamrockBeer-Sweatshirt-L,1,AMZ-PG-APP-TOO-SMALL
aw004j-XL,1,AMZ-PG-APP-TOO-SMALL
100576BLACK-M,1,CR-MISSED_ESTIMATED_DELIVERY
220874-SloaneJacket-S,1,CR-MISSED_ESTIMATED_DELIVERY
ImperialOfficerCap-ECSW2060TV-Black,1,CR-ORDERED_WRONG_ITEM
suicidesquad010-M,1,AMZ-PG-APP-TOO-SMALL
DSTS2RH-Jessie-Adult-LS-S,1,AMZ-PG-APP-TOO-SMALL
220916-FlintTropics-KIDS-10/12,1,AMZ-PG-APP-TOO-SMALL
103011-ChuckyKidsShoes-11-12,1,CR-SWITCHEROO
hulk001ys,1,AMZ-PG-APP-TOO-SMALL
nwo004redN-M,1,AMZ-PG-BAD-DESC
mm003JRSorange-M,1,AMZ-PG-APP-TOO-SMALL
mm003JRSyellow-S,1,AMZ-PG-APP-TOO-SMALL
mm003JRSgreen-S,1,AMZ-PG-APP-TOO-SMALL
mm001Nblu-XS,1,AMZ-PG-APP-TOO-SMALL
100576BROWN-M,1,AMZ-PG-APP-TOO-SMALL
hulkpants001-L,1,AMZ-PG-APP-TOO-LARGE
66634105-YellowStoneJacket-3XL,1,AMZ-PG-APP-TOO-SMALL
bigl032-L,1,AMZ-PG-APP-TOO-SMALL
A9031-32-MinnieBodysuitSkirtSet-XS,2,CR-UNWANTED_ITEM
UP-SashPinsFlag-Hat-KIDS,1,CR-MISSED_ESTIMATED_DELIVERY
100576BROWN-M,1,AMZ-PG-APP-TOO-SMALL
220910-WillyWonkaCostume-L,1,CR-MISSING_PARTS
220832-OrangeDogCostume-5-6,1,AMZ-PG-APP-TOO-SMALL
100576BROWN-M,2,AMZ-PG-APP-TOO-SMALL
100576BLACK-S,1,AMZ-PG-APP-TOO-SMALL
220977-RicFlairRobe-Black-OS,1,CR-SWITCHEROO
PowerRangers-Black-SLShirt-L,1,AMZ-PG-BAD-DESC
superheroglovesLONG-Red,1,AMZ-PG-APP-TOO-LARGE
superheroglovesLONG-Blue,1,AMZ-PG-APP-TOO-LARGE
wrestlingboots-SY,1,CR-MISSED_ESTIMATED_DELIVERY
hoosiers003-L,1,AMZ-PG-APP-TOO-SMALL
220785-DumbDumber-ORNG-S,1,CR-QUALITY_UNACCEPTABLE
SquidGameSuit-RED-Triangle-3XL,1,CR-DEFECTIVE
220916-FlintTropics33Set-L/XL,1,CR-DEFECTIVE
MightyDucksJersey-Bombay-XXL,1,AMZ-PG-APP-TOO-SMALL
ultimatewarriorbandSet,1,AMZ-PG-BAD-DESC
alsunny001b-XXL,1,AMZ-PG-APP-TOO-LARGE
germanhat001-grey,1,AMZ-PG-APP-TOO-LARGE
LolaSleepSet-WB1787-69-S,1,AMZ-PG-APP-TOO-SMALL
ShortSleeve-ZeddemoreTee-M,2,AMZ-PG-APP-TOO-SMALL
220930-CaddyShackHat,1,CR-DEFECTIVE
TSM20002TV-WoodyBelt-L,1,CR-UNWANTED_ITEM
CowgirlShirt-204051-L,1,CR-UNWANTED_ITEM
TSM20002TV-WoodyBelt-M,1,CR-UNWANTED_ITEM
100576BLACK-S,1,AMZ-PG-APP-TOO-SMALL
100576BLACK-S,1,AMZ-PG-APP-TOO-SMALL
drseuss024-XXL,1,CR-FOUND_BETTER_PRICE
beautybeast001-XXL,1,AMZ-PG-APP-TOO-LARGE
stepbros001-L,1,CR-QUALITY_UNACCEPTABLE
DRSE0DEM-TipHat-Shirt-4XL,1,AMZ-PG-APP-TOO-SMALL
stepbros001-L,1,DID_NOT_LIKE_COLOR
220994-SheriffKidsShirt-2T,1,CR-QUALITY_UNACCEPTABLE
220892-MabelPineSweater-M,1,AMZ-PG-APP-STYLE
Thing1-6-Union Suit-KIDS-10/12,1,AMZ-PG-APP-TOO-LARGE
incredhulk013-XL,1,AMZ-PG-APP-TOO-LARGE
tmnt082-M,1,AMZ-PG-APP-TOO-SMALL
kennywig,1,AMZ-PG-APP-STYLE
220994-SheriffKidsShirt-3-4T,1,CR-UNWANTED_ITEM
hulkpants001-L,1,AMZ-PG-APP-TOO-SMALL
RetroWigHeadband-1191,1,AMZ-PG-APP-TOO-SMALL
leagueoftheirowncostume-L/XLdeluxe,1,AMZ-PG-APP-TOO-SMALL
DRSE0DFM-GreenEggsHam-Shirt-L,1,CR-MISSED_ESTIMATED_DELIVERY
starwars121-L,1,AMZ-PG-APP-TOO-SMALL
Thing1-6-Union Suit-KIDS-10/12,1,AMZ-PG-APP-TOO-SMALL
DRSE0DEM-TipHat-Shirt-L,1,AMZ-PG-APP-TOO-LARGE
suicidesquad003-S,1,CR-UNWANTED_ITEM
SSXX4U-ErnieShirtKids-L,1,AMZ-PG-APP-TOO-LARGE
btlc004-S,1,AMZ-PG-APP-TOO-SMALL
junk187-XXXL,1,AMZ-PG-APP-TOO-SMALL
juno004-S,1,CR-DEFECTIVE
DSEN-MirabelTasselDress-XL,1,AMZ-PG-APP-TOO-SMALL
junk187-XL,1,AMZ-PG-APP-TOO-LARGE
leagueoftheirownMENS-S/M,1,AMZ-PG-APP-TOO-SMALL
karatekiddanielcostumetdlxXL-Deluxe-XL,1,AMZ-PG-APP-TOO-LARGE
NasaPajamaSuitAdult-NASA04M-S,1,CR-MISSED_ESTIMATED_DELIVERY
RetroWigHeadband-1191,1,CR-MISSED_ESTIMATED_DELIVERY
220841-Blonde-BlueRobe,1,CR-UNWANTED_ITEM
PXES02-YellowstoneBrownShirt-2XL,1,CR-ORDERED_WRONG_ITEM
220786-LT-DumbDumber-BLUE-M,1,CR-MISSED_ESTIMATED_DELIVERY
tmnt016-Don-Mens-S,1,CR-UNWANTED_ITEM
tmnt016-Don-Mens-XS,1,CR-UNWANTED_ITEM
tmnt016-Mike-Mens-S,1,CR-UNWANTED_ITEM
sbb015n-XXL,1,CR-UNWANTED_ITEM
leagueoftheirowncostume-L/XLdeluxe,1,AMZ-PG-APP-TOO-LARGE
GM0002-TrixRabbitLoungePants-L,1,AMZ-PG-APP-TOO-SMALL
220939-BeerfestTracksuit-XL,1,CR-ORDERED_WRONG_ITEM
1272-HulkamaniaBanWigMustache,1,CR-UNWANTED_ITEM
100576BLACK-L,1,AMZ-PG-APP-STYLE
hulk001jrYELN-XL,2,AMZ-PG-APP-TOO-SMALL
hulk001jrREDN-XL,2,AMZ-PG-APP-TOO-SMALL
junk187-XXXL,1,AMZ-PG-APP-TOO-SMALL
220900-ManYellowHatCostume-L,1,CR-DEFECTIVE
sbb015-S,1,AMZ-PG-APP-TOO-SMALL
ElvisGlasses001-Silver,1,CR-MISSING_PARTS
RiverdaleTankSkirtSet-WR0345-69-S,1,AMZ-PG-APP-TOO-SMALL
100576BLACK-L,1,AMZ-PG-APP-TOO-SMALL
ultimatewarriorwristbands,1,CR-MISSED_ESTIMATED_DELIVERY
DRSE0D7M-Thing2-Shirt-M,1,AMZ-PG-APP-TOO-LARGE
220910-WillyWonkaCostume-S,1,AMZ-PG-APP-TOO-LARGE
Bears001-L,1,CR-MISSED_ESTIMATED_DELIVERY
20282-S-M,1,AMZ-PG-APP-STYLE
starwars017-5XL,1,AMZ-PG-APP-TOO-LARGE
drseuss024-XXL,1,AMZ-PG-APP-TOO-LARGE
221037-RetroJacketDesign3-S,1,AMZ-PG-BAD-DESC
aerosmith002-S,1,CR-UNWANTED_ITEM
Thing1-6-UnionSuit-ADULT-XS,1,AMZ-PG-APP-TOO-LARGE
Dodgeball003-M,1,CR-ORDERED_WRONG_ITEM
dodgeball003N-L,1,CR-ORDERED_WRONG_ITEM
dodgeball003N-M,1,CR-ORDERED_WRONG_ITEM
220938-DodgeballWarmups-M,1,CR-ORDERED_WRONG_ITEM
220938-DodgeballWarmups-L,1,AMZ-PG-APP-TOO-LARGE
220940-SwatVest,1,AMZ-PG-BAD-DESC
BrownDreadlocks-1230,1,CR-ORDERED_WRONG_ITEM
MAFH-ShieldHat,1,AMZ-PG-APP-TOO-SMALL
221050-KenShirtShortsSet-S,1,AMZ-PG-APP-TOO-LARGE
100576BLACK-S,1,AMZ-PG-APP-TOO-SMALL
220926-PrinceCostume-M,1,CR-DEFECTIVE
flashgordoncostume001-XL,1,AMZ-PG-APP-TOO-LARGE
BoxingRobe-Black,1,CR-ORDERED_WRONG_ITEM
sbb015-2XL,1,AMZ-PG-APP-TOO-SMALL
220939-BeerfestTracksuit-L,1,CR-UNWANTED_ITEM
sbb015n-L,1,AMZ-PG-APP-TOO-SMALL
leagueoftheirowncostume-L/XLdeluxe,1,CR-QUALITY_UNACCEPTABLE
drseuss015-L,1,AMZ-PG-APP-TOO-SMALL
BlondeDreadlocks-1229,1,AMZ-PG-BAD-DESC
ferris008brown-L,1,CR-UNWANTED_ITEM
220752-RockfordPeachesMENS-2XL,1,AMZ-PG-APP-TOO-LARGE
220752-RockfordPeachesMENS-2XL,1,AMZ-PG-BAD-DESC
alsunny001black-XXL,1,AMZ-PG-APP-TOO-LARGE
DRSE0DFM-GreenEggsHam-Shirt-S,1,AMZ-PG-APP-TOO-LARGE
RetroWigHeadband-1191,1,CR-MISSED_ESTIMATED_DELIVERY
220752-RockfordPeachesMENS-L/XL,1,CR-DEFECTIVE
SquidGameSuit-GREEN-001-2XL,1,CR-ORDERED_WRONG_ITEM
ferris010-XL,1,AMZ-PG-APP-TOO-LARGE
tmntmasks-Blue,1,CR-DEFECTIVE
alanbabycarriercostumeDELUXE-3XL,1,CR-ORDERED_WRONG_ITEM
220844-BoxingRobeKids-Blk,1,AMZ-PG-BAD-DESC
TMNTShirt-Youth-Mike-M,1,AMZ-PG-APP-TOO-LARGE
junkfood187-XXL,1,AMZ-PG-APP-TOO-SMALL
stepbros010-S,1,AMZ-PG-APP-TOO-SMALL
plumtree001-XL,1,AMZ-PG-APP-TOO-LARGE
220844-BoxingRobeKids-Blk,1,CR-DEFECTIVE
wrestlingboots-SY,1,AMZ-PG-APP-TOO-SMALL
220901-FreshPrinceCostume-M,1,CR-FOUND_BETTER_PRICE
flinttropicssocks,1,CR-UNWANTED_ITEM
acwig,1,CR-MISSED_ESTIMATED_DELIVERY
waldocostumeDELUXE-BOYS-S,1,AMZ-PG-BAD-DESC
TMNTShirt-Youth-Donatello-XS,1,AMZ-PG-APP-STYLE
ChesterCheetosSuit-L,1,CR-UNWANTED_ITEM
hangoversatchel,1,CR-UNWANTED_ITEM
roddypiper001-XXL,1,CR-UNWANTED_ITEM
DRSE0DEM-TipHat-Shirt-XS,1,AMZ-PG-APP-TOO-LARGE
ShortSleeve-VenkmanTee-3XL,1,AMZ-PG-APP-TOO-SMALL
NSPH3266-NarutoPajamas,1,AMZ-PG-APP-TOO-SMALL
220944-BarfCostumeSet-2X-3X,1,AMZ-PG-APP-TOO-LARGE
junk187-M,1,AMZ-PG-APP-TOO-SMALL
wrestlingboots-Lred,1,AMZ-PG-APP-TOO-LARGE
RMSM3878-RickMortyHoliday-L,1,AMZ-PG-APP-TOO-SMALL
DSTS2RH-Jessie-Adult-LS-XL,1,AMZ-PG-APP-TOO-LARGE
ShortSleeve-ZeddemoreTee-XL,1,AMZ-PG-APP-TOO-LARGE
DRSE0D8M-Thing1-Shirt-XS,1,AMZ-PG-APP-TOO-SMALL
DRSE0D7M-Thing2-Shirt-M,1,AMZ-PG-APP-TOO-LARGE
junk187-XXXL,1,AMZ-PG-APP-TOO-SMALL
220844-BoxingRobeKids-Blk,1,CR-MISSED_ESTIMATED_DELIVERY
ApolloShorts-S,1,CR-MISSED_ESTIMATED_DELIVERY
220939-BeerfestTracksuit-XL,1,CR-ORDERED_WRONG_ITEM
DRSE0D7M-Thing2-Shirt-3XL,1,AMZ-PG-APP-STYLE
soahat005-S/M,1,AMZ-PG-APP-TOO-SMALL
batmancoin,1,CR-FOUND_BETTER_PRICE
suicidesquad005womens-L,1,AMZ-PG-APP-TOO-LARGE
mm003JRSgreen-L,1,AMZ-PG-APP-TOO-SMALL
ferris010-M,1,AMZ-PG-APP-TOO-LARGE
BradHollywoodCompleteSet-3XL,1,CR-MISSED_ESTIMATED_DELIVERY
BradHollywoodCompleteSet-2XL,3,CR-MISSED_ESTIMATED_DELIVERY
BoxingRobe-Red,1,CR-MISSING_PARTS
boratthong,1,AMZ-PG-APP-TOO-SMALL
CY034-ChristmasStoryUnionSuit-S,1,AMZ-PG-APP-TOO-SMALL
drseuss015-XL,1,AMZ-PG-APP-TOO-SMALL
hoosiers003-M,1,AMZ-PG-APP-TOO-SMALL
100576BLACK-M,1,AMZ-PG-APP-TOO-SMALL
220823-PinkBunny-KIDS-10/12,1,CR-DEFECTIVE
tmnt056Don-L,1,CR-UNWANTED_ITEM
rockyshorts-L,1,AMZ-PG-APP-STYLE
GBXX24BML-GhostLightsLS-XL,1,CR-MISSED_ESTIMATED_DELIVERY
GBXX24BML-GhostLightsLS-L,1,CR-MISSED_ESTIMATED_DELIVERY
U7SM2025TV-BeavisButtSweater-L,1,CR-MISSED_ESTIMATED_DELIVERY
U7SM2025TV-BeavisButtSweater-M,1,CR-MISSED_ESTIMATED_DELIVERY
sbb015-XL,1,AMZ-PG-APP-STYLE
220780-TigerKingJacket-2XL,1,AMZ-PG-APP-TOO-LARGE
blowupguitar,1,CR-MISSING_PARTS
HS0217-TwisterLoungePants-L,1,AMZ-PG-APP-TOO-SMALL
6132-WonderWomanFaceTattoos,1,CR-MISSED_ESTIMATED_DELIVERY
220887-EllenGriswoldSweater-S,1,AMZ-PG-APP-TOO-LARGE
220887-EllenGriswoldSweater-S,1,AMZ-PG-APP-TOO-LARGE
hulkhogancostumesetREDsunREDban-M,1,CR-UNWANTED_ITEM
100950-CowboyChaps1,1,AMZ-PG-APP-TOO-LARGE
hangoversatchel,1,CR-MISSED_ESTIMATED_DELIVERY
junk187-XXXL,1,CR-MISSED_ESTIMATED_DELIVERY
soahat005-L/XL,1,AMZ-PG-APP-TOO-LARGE
albundy002-XXL,1,CR-MISSED_ESTIMATED_DELIVERY
albundy002-L,2,CR-MISSED_ESTIMATED_DELIVERY
M&M-Blue-JUNIORS-Shirt-L,1,AMZ-PG-APP-TOO-SMALL
M&M-Blue-JUNIORS-Shirt-XL,1,AMZ-PG-APP-TOO-SMALL
M&M-Red-JUNIORS-Shirt-XL,1,AMZ-PG-APP-TOO-SMALL
100950-CowboyChaps,1,CR-DEFECTIVE
JLSN604-MonstarsSHORTS-M,1,CR-SWITCHEROO
hangoversatchel,1,CR-UNWANTED_ITEM
peanuts020-S,1,AMZ-PG-APP-TOO-SMALL
BlondeDreadlocks-1229,1,CR-ORDERED_WRONG_ITEM
BretHitmanSunglasses,1,CR-UNWANTED_ITEM
204075-TonyBadGuyShirt-S/M,1,AMZ-PG-APP-TOO-LARGE
bigl032-L,1,DID_NOT_LIKE_FABRIC
220751-SethSuperbad-2XL,1,CR-ORDERED_WRONG_ITEM
juno004-M,1,CR-UNWANTED_ITEM
mashhat002,1,AMZ-PG-APP-TOO-LARGE
leagueoftheirowncostume-L/XLdeluxe,1,AMZ-PG-APP-TOO-SMALL
220746-KimSuit-XXL,1,AMZ-PG-BAD-DESC
JLSN219-TuneSquadLOLA-XL,1,AMZ-PG-BAD-DESC
drseuss024-XXL,1,AMZ-PG-APP-TOO-LARGE
powerrangers018green-12/18,1,AMZ-PG-APP-STYLE
5NSM0-MarioBrosSweatshirt-M,1,AMZ-PG-APP-TOO-LARGE
XO011MBSTV-TopGunPajamaSuit-L,1,CR-UNWANTED_ITEM
ferris010-L,1,CR-MISSED_ESTIMATED_DELIVERY
221025-HulkSleevelessShirt-XL,1,AMZ-PG-BAD-DESC
tmntmasks-Orange,1,CR-UNWANTED_ITEM
sbb015-S,1,AMZ-PG-APP-STYLE
tmnt020r-L,1,AMZ-PG-APP-STYLE
220916-FlintTropics-KIDS-5/6,1,CR-DEFECTIVE
junk187-XXXL,1,AMZ-PG-APP-TOO-SMALL
ApolloShorts-S,1,CR-UNWANTED_ITEM
hangover014-L,1,AMZ-PG-APP-STYLE
220939-BeerfestTracksuit-XL,1,AMZ-PG-APP-TOO-SMALL
220891-AveJoesCpt-M,1,CR-UNWANTED_ITEM
Custom-GingerLives-Sweatshirt-XL,1,CR-QUALITY_UNACCEPTABLE
chubsuitcostume002-green,1,CR-UNWANTED_ITEM
drseuss024-XXL,3,AMZ-PG-APP-TOO-LARGE
BuzzLightYearLongSleeveAdultShirt-L,1,CR-UNWANTED_ITEM
TSM20002TV-WoodyBelt-S,1,AMZ-PG-APP-TOO-SMALL
office023-L,1,AMZ-PG-APP-TOO-LARGE
NDLA0FGMBJ-AvatarPanelPants-S,1,CR-UNWANTED_ITEM
NDLA0FGMBJ-AvatarPanelPants-S,1,CR-UNWANTED_ITEM
NDLA0FGMBJ-AvatarPanelPants-S,1,CR-UNWANTED_ITEM
stepbros004-XL,1,CR-QUALITY_UNACCEPTABLE
flinttropicssocks,1,CR-UNWANTED_ITEM
junk187-4XL,1,CR-MISSED_ESTIMATED_DELIVERY
NDLA0FGMBJ-AvatarPanelPants-S,1,AMZ-PG-APP-TOO-SMALL
204070-DetectiveGREENShirt-L,1,AMZ-PG-APP-TOO-SMALL
CelticRing-7,1,AMZ-PG-APP-TOO-LARGE
napoleonaccesssoryboots-L,1,CR-UNWANTED_ITEM
220994-SheriffKidsShirt-3-4T,1,CR-MISSED_ESTIMATED_DELIVERY
JLSN219-TuneSquadLOLA-XL,1,AMZ-PG-APP-TOO-SMALL
204072-OfficeBossComboSet-L,1,AMZ-PG-APP-TOO-LARGE
PRangersShirtYouth-Blue-XS,1,CR-UNWANTED_ITEM
220851-CruJones-2XL,1,CR-ORDERED_WRONG_ITEM
ElfLoungePants-WR0322-52-M,1,AMZ-PG-BAD-DESC
drseuss015-M,1,AMZ-PG-APP-TOO-SMALL
sharkcostume-teen,1,AMZ-PG-APP-TOO-SMALL
NDLA0FFMLO-AvatarPanelHoodie-L,1,AMZ-PG-BAD-DESC
TMNTShirt-Youth-Leonardo-S,1,AMZ-PG-APP-TOO-LARGE
6132-WonderWomanFaceTattoos,1,CR-DEFECTIVE
RickMortyPajamaSet-JCITV-S,1,AMZ-PG-APP-TOO-SMALL
junkfood187-XXL,1,AMZ-PG-APP-TOO-SMALL
hangoverglasses,1,AMZ-PG-APP-TOO-LARGE
alsunny022-XXL,1,AMZ-PG-APP-TOO-LARGE
pedro001-L,1,DID_NOT_LIKE_FABRIC
hulk001N-S,1,AMZ-PG-APP-TOO-SMALL
junkfood187-XXL,1,AMZ-PG-APP-TOO-SMALL
220895-MartyMcflyCostume-L,1,CR-QUALITY_UNACCEPTABLE
220844-BoxingRobeKids-Blk,1,CR-ORDERED_WRONG_ITEM
uglysweater44-L,1,CR-UNWANTED_ITEM
sbb015n-M,1,AMZ-PG-APP-TOO-SMALL
CY034-ChristmasStoryUnionSuit-5X,1,AMZ-PG-APP-TOO-SMALL
1272-HulkamaniaBanWigMustache,1,AMZ-PG-APP-TOO-LARGE
100576BROWN-XL,1,AMZ-PG-APP-TOO-SMALL
Hoff001-XL,1,CR-UNWANTED_ITEM
RWTM09-BabyYodaUCS-2XL,1,AMZ-PG-APP-TOO-SMALL
LN0017-94-WuTangBoxer-L,1,AMZ-PG-APP-TOO-SMALL
PNXX7Q-PeanutsShirt-Adult-L,1,AMZ-PG-APP-TOO-SMALL
SlytherinRobe-HP0284-S/M,2,DID_NOT_LIKE_FABRIC
HRWD01UGJ-PurpleBlazerJacket-3XL,1,CR-SWITCHEROO
SNL007tan-M,1,AMZ-PG-APP-TOO-SMALL
220965-GhostSpiderOnesie-5-6,1,AMZ-PG-APP-TOO-SMALL
NK0165-HoodedOPPjs-L,1,AMZ-PG-APP-TOO-SMALL
caddyshackhat003,1,CR-UNWANTED_ITEM
junkfood187-XXL,1,AMZ-PG-APP-TOO-SMALL
ferris010-L,1,AMZ-PG-APP-TOO-SMALL
Custom-ShamrockBeer-Sweatshirt-2XL,1,AMZ-PG-APP-TOO-SMALL
BuzzLightYearLongSleeveAdultShirt-M,3,AMZ-PG-APP-TOO-LARGE
BuzzLightYearLongSleeveAdultShirt-XXL,1,AMZ-PG-APP-TOO-LARGE
DSSCCYNMLC-MickeyWool-L,1,AMZ-PG-APP-TOO-SMALL
hulkhogancostumesetREDsunREDban-M,1,AMZ-PG-APP-TOO-SMALL
hulk001N-4XL,1,AMZ-PG-APP-TOO-SMALL
103011-ChuckyKidsShoes-11-12,1,CR-SWITCHEROO
KG0004-FruitLoopsLoungePants-L,1,AMZ-PG-APP-TOO-LARGE
Thing1-6-UnionSuit-ADULT-L,1,AMZ-PG-APP-TOO-SMALL
soahat005-L/XL,1,AMZ-PG-APP-TOO-LARGE
sbb015-XXL,1,AMZ-PG-APP-TOO-LARGE
sbb015-XXL,1,AMZ-PG-APP-TOO-LARGE
220777-BigBoyOverall-ORANG-3X-4X,1,CR-SWITCHEROO
TMNTShirt-Youth-Leonardo-XS,1,AMZ-PG-APP-TOO-LARGE
220985-RicFlairRobe-Red-OS,1,AMZ-PG-BAD-DESC
sharkcostume-M-L,1,AMZ-PG-APP-TOO-LARGE
junkfood187-XXL,1,AMZ-PG-APP-TOO-SMALL
204070-DetectiveGREENShirt-L,1,AMZ-PG-APP-TOO-SMALL
PS0001-PlaystationPants-S,2,CR-QUALITY_UNACCEPTABLE
Thing1-6-UnionSuit-ADULT-L,1,AMZ-PG-APP-TOO-LARGE
Thing1-6-Union Suit-KIDS-10/12,1,CR-MISSED_ESTIMATED_DELIVERY
Thing1-6-UnionSuit-ADULT-M,1,CR-MISSED_ESTIMATED_DELIVERY
ferris010-XL,1,CR-FOUND_BETTER_PRICE
220996-PanAmFlightAttendant-S,1,CR-DEFECTIVE
TMNTShirt-Youth-Leonardo-XS,1,CR-MISSED_ESTIMATED_DELIVERY
junkfood187-M,1,DID_NOT_LIKE_FABRIC
BrownDreadlocks-1230,1,CR-DEFECTIVE
220801-NasaSkiSuit-L,1,CR-ORDERED_WRONG_ITEM
RedBandanaYellowGlasses,1,CR-MISSED_ESTIMATED_DELIVERY
HorsermanUCS-Blue-XXL,1,CR-DEFECTIVE
100576BROWN-M,1,CR-DEFECTIVE
220908-DrEvilSuit-S,1,CR-MISSED_ESTIMATED_DELIVERY
aerosmith002-L,1,CR-UNWANTED_ITEM
powerrangerssweatshirtBlack-L,1,AMZ-PG-APP-STYLE
powerrangerssweatshirtBlack-XXL,1,AMZ-PG-APP-STYLE
napoleonaccesssoryboots-XL,1,CR-MISSED_ESTIMATED_DELIVERY
ApolloShorts-XL,1,AMZ-PG-APP-TOO-LARGE
drseuss015-L,1,CR-MISSED_ESTIMATED_DELIVERY
AsylumWig-1202,1,AMZ-PG-APP-STYLE
scarfaceglasses001,1,AMZ-PG-APP-TOO-SMALL
ImperialOfficerCap-ECSW2060TV-Black,1,AMZ-PG-APP-TOO-SMALL
CelticRing-7,1,AMZ-PG-APP-TOO-SMALL
DazedConfusedTedNugent-Shirt-XL,1,CR-UNWANTED_ITEM
TMNTShirt-Youth-Leonardo-XS,1,AMZ-PG-APP-TOO-LARGE
sharkcostume-teen,1,AMZ-PG-APP-TOO-LARGE
mash003-L,1,CR-DEFECTIVE
germanhat001-brown,1,AMZ-PG-APP-TOO-LARGE
germanhat001-brown,1,AMZ-PG-APP-TOO-LARGE
drseuss015-S,1,AMZ-PG-APP-TOO-SMALL
drseuss015-XL,1,AMZ-PG-APP-TOO-SMALL
Custom-LeftChestClover-Sweatshirt-S,1,AMZ-PG-APP-TOO-SMALL
220762-RoddyPiperKiltBelt-S/M,2,AMZ-PG-APP-TOO-SMALL
100980-TheQueenMusicBeltArmband,1,CR-UNWANTED_ITEM
ApolloShorts-S,1,CR-QUALITY_UNACCEPTABLE
TSM20002TV-WoodyBelt-S,1,AMZ-PG-APP-TOO-SMALL
220939-BeerfestTracksuit-L,1,AMZ-PG-APP-TOO-LARGE
100950-CowboyChaps1,1,CR-DEFECTIVE
100950-CowboyChaps1,1,CR-DEFECTIVE
220801-NasaSkiSuit-XXL,1,CR-UNWANTED_ITEM
SlytherinRobe-HP0284-2X/3X,1,AMZ-PG-APP-STYLE
tmntmasks-Orange,1,AMZ-PG-APP-TOO-LARGE
103059-TurkeyHatGlasses,1,CR-UNWANTED_ITEM
100578BLACK-L,1,CR-SWITCHEROO
220925-AlexHamiltonCostume-L,1,CR-DAMAGED_BY_FC
PNXX7Q-PeanutsShirt-Adult-3XL,1,AMZ-PG-APP-TOO-SMALL
ImperialOfficerCap-ECSW2060TV-Olive,1,DID_NOT_LIKE_COLOR
junk187-XXXL,1,DID_NOT_LIKE_COLOR
junk187-L,1,AMZ-PG-APP-TOO-SMALL
lightbluetux-L,1,CR-MISSED_ESTIMATED_DELIVERY
220844-BoxingRobeKids-Blk,1,AMZ-PG-APP-TOO-LARGE
100576BLACK-M,1,AMZ-PG-APP-STYLE
bigbang072-XL,1,AMZ-PG-APP-TOO-SMALL
sein034-M,1,CR-MISSED_ESTIMATED_DELIVERY
hulk003-L,1,AMZ-PG-APP-TOO-SMALL
hulkpantsN001-XL,1,AMZ-PG-APP-TOO-LARGE
GDSA2851TV-GratDeadPants-M,1,AMZ-PG-APP-TOO-SMALL
103059-TurkeyHatGlasses,1,AMZ-PG-BAD-DESC
GDSA2851TV-GratDeadPants-M,1,AMZ-PG-APP-TOO-SMALL
204071-UncleRicoShirt-M,1,AMZ-PG-APP-TOO-SMALL
greatcostume001-L,1,CR-SWITCHEROO
greatcostume001-M,1,CR-SWITCHEROO
103033-HotDogFingers-OS,1,CR-QUALITY_UNACCEPTABLE
junkfood187-M,1,DID_NOT_LIKE_FABRIC
soahat005-S/M,1,AMZ-PG-APP-TOO-SMALL
100586-DapperTortoiseBrownGlasses,1,AMZ-PG-BAD-DESC
BlondeDreadlocks-1229,1,CR-UNWANTED_ITEM
bigldudecostume001-L,1,CR-MISSED_ESTIMATED_DELIVERY
hulkb001-red,1,AMZ-PG-APP-STYLE
hulk003-L,1,AMZ-PG-APP-TOO-SMALL
wrestlingboots-SY,1,AMZ-PG-APP-TOO-SMALL
220933-JawasCloakLEDMask-L-XL,2,AMZ-PG-BAD-DESC
Futurama003-XL,1,CR-SWITCHEROO
mash003-XL,1,AMZ-PG-APP-TOO-SMALL
arrested011-XXL,1,CR-ORDERED_WRONG_ITEM
100576BROWN-S,1,AMZ-PG-APP-TOO-SMALL
220713-ChefCostumeKids-6/7T,1,AMZ-PG-BAD-DESC
myponylanyard003,1,CR-FOUND_BETTER_PRICE
BretHitmanSunglasses,1,AMZ-PG-BAD-DESC
GDSA2851TV-GratDeadPants-M,1,AMZ-PG-APP-TOO-LARGE
220875-VariantJacket-4XL,1,AMZ-PG-APP-TOO-LARGE
soahat005-L/XL,1,AMZ-PG-APP-TOO-LARGE
100576BROWN-M,1,AMZ-PG-APP-TOO-SMALL
hulkpants001-L,1,AMZ-PG-APP-TOO-LARGE
ghost022-2X,1,AMZ-PG-APP-TOO-LARGE
1253-CobraKaiHawk-Red,1,CR-DAMAGED_BY_CARRIER
220844-BoxingRobeKids-Blk,1,AMZ-PG-APP-TOO-LARGE
suicidesquad004-M,1,CR-DEFECTIVE
SJTS0VNMLO-BartSquisheeHoodie-S,1,AMZ-PG-APP-TOO-LARGE
superherocape002ADULTblk-red,1,DID_NOT_LIKE_COLOR
soahat005-L/XL,1,AMZ-PG-APP-TOO-LARGE
incredhulk013-S,1,CR-UNWANTED_ITEM
drseuss015-XL,1,AMZ-PG-APP-TOO-SMALL
biglpants001-L,1,AMZ-PG-APP-TOO-SMALL
monstersinc003-M,1,CR-SWITCHEROO
JLSN243-TuneSquadSHORTS-XXL,1,AMZ-PG-APP-TOO-LARGE
madhatterpurse001,1,DID_NOT_LIKE_COLOR
SRST02-StarTrekLS-Red-4XL,1,AMZ-PG-BAD-DESC
drseuss015-L,1,AMZ-PG-APP-TOO-SMALL
RacineBellsCostumeDressWomens-S/M,1,AMZ-PG-APP-TOO-SMALL
100576BLACK-S,1,CR-UNWANTED_ITEM
220944-BarfCostumeSet-S-M,1,AMZ-PG-BAD-DESC
mm003JRSred-XL,1,AMZ-PG-APP-TOO-SMALL
serenityhat001,1,AMZ-PG-BAD-DESC
doubledare001red-M,1,CR-MISSED_ESTIMATED_DELIVERY
bigldudecostume001-M,1,CR-MISSED_ESTIMATED_DELIVERY
bigldudecostume001-M,1,CR-MISSED_ESTIMATED_DELIVERY
drseuss015-XL,1,AMZ-PG-APP-TOO-SMALL
GDSA2851TV-GratDeadPants-XL,1,AMZ-PG-APP-TOO-SMALL
wwe060purple-M,1,AMZ-PG-APP-TOO-SMALL
suicidesquad003-S,1,AMZ-PG-APP-TOO-SMALL
soahat005-S/M,1,CR-DEFECTIVE
SharkCoustumeYouth,1,AMZ-PG-APP-TOO-LARGE
tmntapriloneilcostume-L/XL,1,AMZ-PG-APP-TOO-SMALL
mm003JRSyellow-S,1,AMZ-PG-APP-TOO-SMALL
mm001Nblu-S,2,AMZ-PG-APP-TOO-SMALL
mm003JRSorange-XL,1,AMZ-PG-APP-TOO-SMALL
mm003JRSorange-XXL,1,AMZ-PG-APP-TOO-SMALL
starwars017-L,1,CR-UNWANTED_ITEM
junk187-XXXL,1,AMZ-PG-APP-TOO-SMALL
DSSCA5KMN2-MickeyMousePJSet-M,1,DID_NOT_LIKE_FABRIC
6695057-yellowstoneBeltBuckle,1,AMZ-PG-APP-TOO-SMALL
sbb015-M,1,AMZ-PG-APP-STYLE
sbb015n-S,1,AMZ-PG-APP-STYLE
super068-L,1,AMZ-PG-APP-TOO-SMALL
nwo003-L,1,AMZ-PG-APP-TOO-LARGE
220790-DumbDumber-PUR-L,1,AMZ-PG-APP-TOO-SMALL
SharkCoustumeYouth,1,AMZ-PG-BAD-DESC
Custom-LeftChestClover-Sweatshirt-L,1,AMZ-PG-APP-TOO-SMALL
CelticRing-7.5,1,AMZ-PG-APP-TOO-LARGE
100576BLACK-M,1,AMZ-PG-APP-TOO-LARGE
BuzzLightYearLongSleeveAdultShirt-XL,2,AMZ-PG-APP-TOO-LARGE
Peanuts001-XXL,1,CR-MISSED_ESTIMATED_DELIVERY
100578BLACK-L,1,AMZ-PG-APP-STYLE
220938-DodgeballWarmups-L,1,CR-UNWANTED_ITEM
220938-DodgeballWarmups-M,1,CR-UNWANTED_ITEM
220938-DodgeballWarmups-XXL,1,CR-UNWANTED_ITEM
wrestlingboots-LY,1,AMZ-PG-APP-TOO-LARGE
RetroWigHeadband-1191,1,CR-MISSED_ESTIMATED_DELIVERY
hulk003-L,1,AMZ-PG-APP-TOO-SMALL
hulkpantsN001-L,1,AMZ-PG-APP-TOO-SMALL
starwars017-5XL,1,AMZ-PG-APP-TOO-LARGE
drseusstankdressTHING2-XL,1,CR-DEFECTIVE
RWTM0I2-YodaSweatshirtSet-3T,1,CR-MISSED_ESTIMATED_DELIVERY
220839-SashFlag,1,AMZ-PG-APP-TOO-SMALL
tmnteyemaskset,1,CR-FOUND_BETTER_PRICE
220939-BeerfestTracksuit-XL,1,AMZ-PG-BAD-DESC
wrestlingboots-LY,1,CR-ORDERED_WRONG_ITEM
bigl032-M,1,AMZ-PG-APP-TOO-SMALL
mm003JRSblue-S,1,AMZ-PG-APP-TOO-SMALL
HenryDangerSet-BLLTV-6,1,AMZ-PG-APP-TOO-SMALL
starskyhutch001-S,1,CR-UNWANTED_ITEM
DSSCA5KMN2-MickeyMousePJSet-S,1,AMZ-PG-APP-TOO-LARGE
GDSA2851TV-GratDeadPants-L,1,AMZ-PG-APP-TOO-SMALL
drseuss015-XXL,1,AMZ-PG-APP-TOO-SMALL
A9249-MarvelDress-M,1,CR-MISSING_PARTS
220759-CluesShirtKIDS-BLUE-5/6,1,CR-DAMAGED_BY_FC
220939-BeerfestTracksuit-L,1,CR-DEFECTIVE
220939-BeerfestTracksuit-XL,1,CR-DEFECTIVE
arrested011-S,1,AMZ-PG-APP-TOO-SMALL
NSSA3485TV-NarutoPants-L,1,CR-SWITCHEROO
267345-GrinchPJPants-3XL,1,CR-DAMAGED_BY_CARRIER
sbb015-M,1,CR-UNWANTED_ITEM
ApolloShorts-M,1,AMZ-PG-APP-TOO-SMALL
wrestlingboots-Mred,1,CR-MISSED_ESTIMATED_DELIVERY
DSSCA5KMN2-MickeyMousePJSet-L,1,AMZ-PG-APP-TOO-LARGE
bigl032-M,1,AMZ-PG-APP-TOO-LARGE
100576BROWN-XL,1,AMZ-PG-APP-TOO-LARGE
100576BLACK-L,1,AMZ-PG-APP-TOO-LARGE
flinttropicssocks,1,AMZ-PG-APP-TOO-SMALL
flintsweatbands,1,AMZ-PG-APP-TOO-SMALL
acwig,1,AMZ-PG-APP-STYLE
mm003JRSgreen-XL,1,AMZ-PG-APP-TOO-SMALL
mm003JRSgreen-XL,1,AMZ-PG-APP-TOO-SMALL
ApolloShorts-XL,1,CR-QUALITY_UNACCEPTABLE
sbb015-M,1,AMZ-PG-APP-TOO-SMALL
100980-TheQueenMusicBeltArmband,1,AMZ-PG-BAD-DESC
mashhat002,1,CR-UNWANTED_ITEM
220900-ManYellowHatCostume-XL,1,CR-DEFECTIVE
KG0004-FruitLoopsLoungePants-XL,1,CR-ORDERED_WRONG_ITEM
220793-MasterRoshiShirt-XL,1,AMZ-PG-APP-TOO-LARGE
acwig,1,AMZ-PG-BAD-DESC
ATeam002-L,1,AMZ-PG-APP-TOO-SMALL
suicidesquad004-L,1,AMZ-PG-APP-TOO-LARGE
103037-HighHellBoot-7,1,CR-ORDERED_WRONG_ITEM
drseuss015-XXL,1,AMZ-PG-APP-TOO-LARGE
nerdstankdressBLUE-L,1,AMZ-PG-APP-TOO-SMALL
toystory005-S,1,AMZ-PG-APP-TOO-LARGE
BuzzLightYearLongSleeveAdultShirt-XXL,1,CR-MISSED_ESTIMATED_DELIVERY
10056227-DuffBeerShirt-L,1,DID_NOT_LIKE_FABRIC
220994-SheriffKidsShirt-5-6Y,1,AMZ-PG-BAD-DESC
220900-ManYellowHatCostume-XL,1,CR-DEFECTIVE
220994-SheriffKidsShirt-5-6Y,1,AMZ-PG-BAD-DESC
66634105-YellowStoneJacket-3XL,1,AMZ-PG-BAD-DESC
drseuss015-M,1,AMZ-PG-APP-TOO-SMALL
incredhulk013-XXL,1,CR-UNWANTED_ITEM
biglpants001-4XL,1,AMZ-PG-APP-TOO-LARGE
biglpants001-4XL,1,AMZ-PG-APP-TOO-LARGE
100576BLACK-M,1,AMZ-PG-APP-TOO-SMALL
sbb015-S,1,AMZ-PG-APP-TOO-SMALL
100576BLACK-L,1,AMZ-PG-APP-TOO-SMALL
ApolloShorts-XL,1,AMZ-PG-APP-TOO-LARGE
blowupguitar,1,CR-ORDERED_WRONG_ITEM
22jump001-M,1,AMZ-PG-BAD-DESC
junk187-XXL,1,AMZ-PG-APP-TOO-LARGE
hulk006-12M,1,CR-UNWANTED_ITEM
hulkbRed,1,AMZ-PG-APP-TOO-LARGE
WB1575-BatmanBodysuit-L,1,AMZ-PG-APP-STYLE
hulkb1goldN,1,AMZ-PG-APP-STYLE
hulk003-XXL,1,AMZ-PG-APP-TOO-LARGE
sbb015n-M,2,AMZ-PG-APP-TOO-SMALL
caddyshackhat003,1,CR-MISSED_ESTIMATED_DELIVERY
powerrangers017green-XS,1,CR-MISSED_ESTIMATED_DELIVERY
RetroWigHeadband-1191,1,AMZ-PG-BAD-DESC
220900-ManYellowHatCostume-L,1,CR-MISSING_PARTS
220846-BoxingRobeKids-Red,1,CR-UNWANTED_ITEM
PXES02-YellowstoneBrownShirt-XL,1,CR-ORDERED_WRONG_ITEM
miami003-XXL,1,AMZ-PG-APP-STYLE
roddypiper001-M,1,AMZ-PG-APP-TOO-SMALL
hoosiers003-L,1,AMZ-PG-APP-TOO-SMALL
DSTS26MGS-WoodyJuniorsTshirt-XXL,1,DID_NOT_LIKE_FABRIC
mm003JRSblue-XXL,1,AMZ-PG-APP-TOO-SMALL
scarfaceglasses001,1,AMZ-PG-APP-TOO-SMALL
mannequin001nude-male,1,CR-MISSED_ESTIMATED_DELIVERY
rockyrobeN,1,CR-MISSED_ESTIMATED_DELIVERY
roddypiper001-M,1,AMZ-PG-APP-TOO-SMALL
TSM20002TV-WoodyBelt-S,1,AMZ-PG-APP-TOO-SMALL
220780-TigerKingJacket-3XL,1,AMZ-PG-APP-TOO-LARGE
super068-XXL,1,DID_NOT_LIKE_FABRIC
ChesterCheetosSuit-L,1,AMZ-PG-APP-TOO-LARGE
CocaColaLeggings-CCXX1-L,1,DID_NOT_LIKE_FABRIC
rockyrobeN,1,CR-FOUND_BETTER_PRICE
220924-JackieMoonSet-M,1,CR-SWITCHEROO
220775-BigBoyOverall-RED-L/XL,1,CR-UNWANTED_ITEM
220814-PowerRangerPJ-BLK-L,1,AMZ-PG-APP-TOO-LARGE
220814-PowerRangerPJ-BLK-2XL,1,CR-MISSED_ESTIMATED_DELIVERY
220922-NachoLibreCostume-L,1,CR-FOUND_BETTER_PRICE
PXES02-YellowstoneBrownShirt-XL,1,CR-ORDERED_WRONG_ITEM
mm003JRSorange-L,1,AMZ-PG-APP-TOO-SMALL
TMNTShirt-Youth-Mike-XS,1,AMZ-PG-APP-TOO-LARGE
oktoberfestlederhosenPANTS-32,1,CR-UNWANTED_ITEM
junkfood187-XXL,1,CR-QUALITY_UNACCEPTABLE
DSSCA5KMN2-MickeyMousePJSet-S,2,AMZ-PG-APP-TOO-LARGE
220874-SloaneJacket-M,1,CR-DEFECTIVE
220874-SloaneJacket-S,1,CR-DEFECTIVE
drseuss015-XXL,1,AMZ-PG-APP-TOO-SMALL
powerrangers018yellow-18/24,1,CR-DEFECTIVE
junk187-L,1,CR-UNWANTED_ITEM
20282-S-M,1,AMZ-PG-APP-TOO-LARGE
gumballtankdress-M,1,CR-QUALITY_UNACCEPTABLE
103021-EncantoSatchel,1,AMZ-PG-APP-STYLE
220874-SloaneJacket-S,1,CR-UNWANTED_ITEM
insideoutjoywig,1,CR-ORDERED_WRONG_ITEM
aerosmith002-M,1,CR-UNWANTED_ITEM
aerosmith002-S,1,CR-UNWANTED_ITEM
220795-UptownOverall-M,1,CR-ORDERED_WRONG_ITEM
tmnteyemaskset,2,CR-ORDERED_WRONG_ITEM
GM0002-TrixRabbitLoungePants-L,1,CR-ORDERED_WRONG_ITEM
chubsuitcostume002-green,1,CR-MISSING_PARTS
chubsuitcostume002-green,1,CR-MISSING_PARTS
starskyhutch001-S,1,AMZ-PG-APP-TOO-SMALL
220844-BoxingRobeKids-Blk,1,AMZ-PG-BAD-DESC
alsunny021-S,1,CR-SWITCHEROO
mm001Nyel-XXL,1,AMZ-PG-APP-TOO-LARGE
mm001Nblu-XXL,1,AMZ-PG-APP-TOO-LARGE
doubledare001blue-S,1,AMZ-PG-APP-TOO-SMALL
100578BLACK-M,1,AMZ-PG-APP-TOO-SMALL
biglpants001-L,1,AMZ-PG-APP-TOO-SMALL
hulkhogancostumesetYELsunREDban-L,1,CR-UNWANTED_ITEM
sbb015-M,2,AMZ-PG-APP-TOO-SMALL
100576BLACK-M,1,AMZ-PG-APP-STYLE
RM0242-52-PickleRickPants-L,1,AMZ-PG-APP-TOO-LARGE
biglpants001-M,1,AMZ-PG-APP-TOO-SMALL
plumtree001-L,1,CR-MISSED_ESTIMATED_DELIVERY
dodgeball003-S,1,CR-SWITCHEROO
UDWW02PGP3-WendaCostume-L,1,AMZ-PG-BAD-DESC
doubledare001red-XL,1,DID_NOT_LIKE_COLOR
Ghost-SS-Shirt-Patches-XL,2,AMZ-PG-APP-STYLE
100576BLACK-M,1,AMZ-PG-APP-TOO-SMALL
220831-BlueDogCostume-5-6,1,CR-ORDERED_WRONG_ITEM
SNL007tan-L,1,AMZ-PG-APP-TOO-SMALL
SNL007tan-L,1,AMZ-PG-APP-TOO-SMALL
SNL007tan-XXL,1,AMZ-PG-BAD-DESC
sbb015-L,1,AMZ-PG-APP-TOO-SMALL
220752-RockfordPeachesMENS-L/XL,1,CR-UNWANTED_ITEM
220752-RockfordPeachesMENS-S/M,1,CR-UNWANTED_ITEM
220999-FightClubBlueShirt-S,1,CR-UNWANTED_ITEM
sbb013-S,1,AMZ-PG-APP-TOO-SMALL
albundy002-L,1,CR-UNWANTED_ITEM
220892-MabelPineSweater-M,1,CR-UNWANTED_ITEM
bigldudecostume001-XL,2,AMZ-PG-BAD-DESC
PXES02-YellowstoneBrownShirt-L,1,CR-DEFECTIVE
waldocostumeDELUXE-XXXL,1,CR-DEFECTIVE
ShortSleeve-ZeddemoreTee-L,1,AMZ-PG-APP-TOO-SMALL
sbb015-2XL,1,AMZ-PG-APP-TOO-SMALL
sbb015n-XXL,1,AMZ-PG-APP-TOO-SMALL
sbb015-S,1,AMZ-PG-APP-STYLE
1246-NapoleonKit-Shirt-M,1,AMZ-PG-APP-TOO-LARGE
sbb015-XXL,1,AMZ-PG-APP-TOO-SMALL
220901-FreshPrinceCostume-XL,1,CR-UNWANTED_ITEM
DRSE0D8M-Thing1-Shirt-4XL,1,AMZ-PG-APP-TOO-SMALL
CousinEddieWhiteRobe-220703,1,CR-UNWANTED_ITEM
100576BLACK-S,1,AMZ-PG-APP-TOO-SMALL
220895-MartyMcflyCostume-L,1,AMZ-PG-APP-TOO-LARGE
PowerRangers-Green-SLShirt-4XL,1,AMZ-PG-APP-TOO-LARGE
pedro009-XL,1,CR-SWITCHEROO
aerosmith002-S,1,AMZ-PG-APP-TOO-LARGE
RWTM2M-YodaHoodie-Boys-XS,1,AMZ-PG-APP-TOO-SMALL
mm003JRSblue-S,1,AMZ-PG-APP-TOO-LARGE
mm003JRSorange-M,1,AMZ-PG-APP-TOO-SMALL
alsunny012-L,1,AMZ-PG-APP-TOO-SMALL
TSM20002TV-WoodyBelt-S,1,CR-MISSED_ESTIMATED_DELIVERY
houseball,1,CR-MISSED_ESTIMATED_DELIVERY
stpatricks002-S-M,1,AMZ-PG-APP-TOO-SMALL
NDSS0K5M-PineappleHousePants-XL,1,CR-QUALITY_UNACCEPTABLE
HPRavenclawPajamaSet-Blue-XL,1,AMZ-PG-APP-TOO-LARGE
HPRavenclawPajamaSet-Blue-XL,1,AMZ-PG-APP-TOO-LARGE
sbb015-S,1,AMZ-PG-APP-TOO-SMALL
220910-WillyWonkaCostume-XXL,1,AMZ-PG-BAD-DESC
SRST02-StarTrekLS-Red-2XL,1,CR-UNWANTED_ITEM
220935-KickScreamingSuit-XL,1,CR-SWITCHEROO
GDSA2851TV-GratDeadPants-L,1,AMZ-PG-APP-TOO-SMALL
bigbang028-XXL,1,CR-SWITCHEROO
100576BLACK-S,1,CR-UNWANTED_ITEM
hangover006-L,1,AMZ-PG-APP-TOO-LARGE
suicidesquad004-M,1,CR-DEFECTIVE
ChesterCheetosSuit-L,1,CR-UNWANTED_ITEM
christmasvaca011-S,1,AMZ-PG-APP-TOO-SMALL
NDGR003-PinkLadiesJacket-S,1,CR-ORDERED_WRONG_ITEM
arrested011-XL,1,AMZ-PG-APP-TOO-LARGE
RetroWigHeadband-1191,1,CR-QUALITY_UNACCEPTABLE
100576BLACK-M,1,AMZ-PG-APP-TOO-SMALL
beautybeast001-S-M,1,CR-MISSED_ESTIMATED_DELIVERY
pedro009-M,1,DID_NOT_LIKE_COLOR
incredhulk013-S,1,AMZ-PG-APP-TOO-LARGE
bigl012-XXL,1,AMZ-PG-APP-TOO-SMALL
DazedConfusedTedNugent-Shirt-L,1,CR-UNWANTED_ITEM
mm003JRSblue-S,1,AMZ-PG-APP-TOO-SMALL
tmnteyemaskset,1,CR-DEFECTIVE
100950-CowboyChaps,1,CR-UNWANTED_ITEM
powerrangerssweatshirtRed-XXL,1,AMZ-PG-APP-TOO-LARGE
powerrangerssweatshirtBlue-XXL,1,AMZ-PG-APP-TOO-LARGE
220899-MarvCostume-M,1,CR-UNWANTED_ITEM
flashpajama001-XL,1,AMZ-PG-APP-TOO-LARGE
100576BLACK-M,1,AMZ-PG-APP-TOO-SMALL
incredhulk013-S,1,AMZ-PG-APP-STYLE
legendstempleblue-M,1,AMZ-PG-APP-TOO-SMALL
ferris010-XXL,1,CR-MISSED_ESTIMATED_DELIVERY
DELUXE-ADULT-Big_Lips,1,AMZ-PG-APP-TOO-LARGE
WhiteAfroWig-1218,1,CR-UNWANTED_ITEM
waldocostumeDELUXE-XXL,1,AMZ-PG-APP-TOO-LARGE
100576BLACK-M,1,DID_NOT_LIKE_COLOR
waldocostumeDELUXE-BOYS-M,1,CR-UNWANTED_ITEM
waldocostumeDELUXE-L,1,CR-SWITCHEROO
220765-HollywoodYellowShirt-L,1,CR-SWITCHEROO
100576BROWN-S,1,AMZ-PG-APP-TOO-SMALL
suicidesquad003-M,1,AMZ-PG-APP-TOO-SMALL
tmnteyemaskset,1,CR-ORDERED_WRONG_ITEM
biglpants001-M,1,AMZ-PG-APP-TOO-SMALL
mashhat002,1,CR-UNWANTED_ITEM
wrestlingboots-LY,1,CR-UNWANTED_ITEM
waldocostumeDELUXE-XS,1,CR-MISSED_ESTIMATED_DELIVERY
100576BLACK-M,1,AMZ-PG-APP-TOO-SMALL
hulk003redN-L,1,CR-UNWANTED_ITEM
103015-BabyCarlosDollGlasses,1,CR-UNWANTED_ITEM
wwe112N-L,1,CR-UNWANTED_ITEM
eastbound020-L,1,AMZ-PG-APP-TOO-SMALL
peanuts044N-2XL,1,AMZ-PG-APP-TOO-SMALL
220801-NasaSkiSuit-XXL,1,CR-ORDERED_WRONG_ITEM
JLSN252-TuneSquadTWEETY-M,1,AMZ-PG-APP-TOO-SMALL
BlackPanther-MVBP02-M,1,AMZ-PG-APP-TOO-SMALL
rockynecklace,1,DID_NOT_LIKE_FABRIC
220801-NasaSkiSuit-XXL,1,CR-DEFECTIVE
SNL007tan-M,1,CR-MISSED_ESTIMATED_DELIVERY
220910-WillyWonkaCostume-S,1,CR-ORDERED_WRONG_ITEM
nwo002N-3XL,1,CR-SWITCHEROO
220935-KickScreamingSuit-L,1,CR-DAMAGED_BY_FC
RickMortyPajamaSet-JCITV-L,1,AMZ-PG-APP-TOO-SMALL
suicidesquad003-S,1,AMZ-PG-APP-TOO-LARGE
hulk001yred-S,1,AMZ-PG-APP-TOO-LARGE
SecretStuffWaterBottle,1,CR-DAMAGED_BY_FC
tmntbackpack2,1,CR-DEFECTIVE
waldocostumeDELUXE-5XL,1,AMZ-PG-APP-TOO-LARGE
RetroWigHeadband-1191,1,CR-UNWANTED_ITEM
waynesworldcostumeset,1,CR-UNWANTED_ITEM
aerosmith002-S,1,CR-UNWANTED_ITEM
NDSS0K5M-PineappleHousePants-XL,1,AMZ-PG-APP-TOO-LARGE
220793-MartyShirt-S,1,CR-UNWANTED_ITEM
powerrangerssweatshirtBlack-XXXL,1,AMZ-PG-APP-TOO-LARGE
1139,1,CR-UNAUTHORIZED_PURCHASE
junk187-XXXL,1,AMZ-PG-APP-STYLE
NL029-ChristmasVacationPajamaSet-XXL,1,AMZ-PG-APP-TOO-SMALL
GDSA2851TV-GratDeadPants-XL,1,AMZ-PG-APP-TOO-SMALL
tmnteyemaskset,1,CR-ORDERED_WRONG_ITEM
soahat005-S/M,1,AMZ-PG-APP-TOO-SMALL
YTAS2063TV-PizzaPlanetShirt-3XL,1,CR-MISSED_ESTIMATED_DELIVERY
YTAS2063TV-PizzaPlanetShirt-3XL,1,CR-MISSED_ESTIMATED_DELIVERY
100576BROWN-L,1,AMZ-PG-APP-TOO-LARGE
220939-BeerfestTracksuit-L,1,AMZ-PG-APP-TOO-LARGE
220939-BeerfestTracksuit-XL,1,AMZ-PG-APP-TOO-LARGE
powerrangers009-XXL,1,AMZ-PG-APP-TOO-SMALL
greatcostume001-XL,1,AMZ-PG-APP-TOO-LARGE
ferris010-XL,1,AMZ-PG-APP-TOO-SMALL
220808-SkeletonPajamaHood-L,2,CR-DEFECTIVE
220808-SkeletonPajamaHood-M,2,CR-DEFECTIVE
220808-SkeletonPajamaHood-S,1,CR-QUALITY_UNACCEPTABLE
CelticRing-6.5,1,AMZ-PG-APP-TOO-SMALL
GM0002-TrixRabbitLoungePants-L,1,CR-ORDERED_WRONG_ITEM
GM0002-TrixRabbitLoungePants-M,1,CR-ORDERED_WRONG_ITEM
PKPR045-PowerRangersSocks-Yellow,2,CR-UNWANTED_ITEM
103009-PirateBoots-12-13,1,CR-ORDERED_WRONG_ITEM
100950-CowboyChaps-8-12,1,CR-ORDERED_WRONG_ITEM
100576BLACK-M,1,AMZ-PG-APP-TOO-SMALL
WB0943-HQAllOverRedPants-XL,1,CR-DEFECTIVE
wilfreddeluxe001,1,AMZ-PG-APP-TOO-LARGE
ElvisGlasses001-Gold,1,AMZ-PG-BAD-DESC
220994-SheriffKidsShirt-5-6Y,1,AMZ-PG-APP-TOO-LARGE
ChesterCheetosSuit-M,1,AMZ-PG-APP-TOO-LARGE
uglyjacketgbreadman-XXL,1,CR-UNWANTED_ITEM
pedro001-L,1,AMZ-PG-APP-TOO-SMALL
100980-TheQueenMusicBeltArmband,1,CR-ORDERED_WRONG_ITEM
BoxingRobe-Blue,5,CR-QUALITY_UNACCEPTABLE
startrekpin005SILVER,1,CR-QUALITY_UNACCEPTABLE
wrestlingboots-LW,1,AMZ-PG-BAD-DESC
220910-WillyWonkaCostume-S,1,CR-DEFECTIVE
220994-SheriffKidsShirt-7-8Y,1,AMZ-PG-APP-TOO-LARGE
BLSA2565TV-BigLebowskiPinsPants-XL,1,AMZ-PG-APP-TOO-SMALL
220891-AveJoesCpt-M,1,AMZ-PG-APP-TOO-LARGE
tmntmasks-Purple,1,CR-UNWANTED_ITEM
220660rlxl,1,AMZ-PG-BAD-DESC
bigbang007-XXXL,1,AMZ-PG-APP-TOO-LARGE
homealonehat001,1,CR-UNWANTED_ITEM
sbb015-XXL,1,AMZ-PG-APP-TOO-SMALL
220895-MartyMcflyCostume-M,1,AMZ-PG-APP-TOO-LARGE
204083-JokerCostumeSet1-XL,1,AMZ-PG-APP-TOO-LARGE
hulk001N-M,1,CR-UNWANTED_ITEM
hulkbRed,1,CR-UNWANTED_ITEM
TMNTShirt-Youth-Raphael-S,1,AMZ-PG-APP-TOO-LARGE
220786-LT-DumbDumber-BLUE-2XL,1,CR-MISSING_PARTS
aerosmith002-XXXL,1,CR-DAMAGED_BY_CARRIER
NasaPajamaSuitAdult-NASA04M-L,1,CR-DEFECTIVE
NasaPajamaSuitAdult-NASA04M-M,1,CR-DEFECTIVE
MachoManGlasses-Red,1,CR-UNWANTED_ITEM
100576BLACK-S,1,AMZ-PG-APP-TOO-SMALL
madhatterpurse001,1,CR-UNWANTED_ITEM
mash003-M,1,AMZ-PG-APP-TOO-SMALL
ApolloShorts-S,1,AMZ-PG-APP-TOO-LARGE
220938-DodgeballWarmups-M,1,CR-UNWANTED_ITEM
sbb015-XXL,1,AMZ-PG-APP-TOO-SMALL
suicidesquad003-XS,1,CR-MISSED_ESTIMATED_DELIVERY
suicidesquad003-XS,1,AMZ-PG-APP-TOO-SMALL
arrested011-S,1,AMZ-PG-APP-TOO-LARGE
PineappleExpressPants-M,1,CR-MISSED_ESTIMATED_DELIVERY
HPSlytherinPajamaSet-Green-L,1,CR-MISSED_ESTIMATED_DELIVERY
hulkhogancostREDsunYELban-L,1,AMZ-PG-BAD-DESC
hulkpants001-XL,1,AMZ-PG-APP-TOO-LARGE
RetroWigHeadband-1191,1,CR-ORDERED_WRONG_ITEM
220876-VariantJumpsuit-S,1,CR-UNWANTED_ITEM
ferris010-XL,1,AMZ-PG-APP-TOO-SMALL
scarfaceglasses001,1,CR-UNWANTED_ITEM
hulk001jrREDN-S,1,AMZ-PG-APP-TOO-SMALL
3DTRexUCS-XXL,1,AMZ-PG-APP-TOO-LARGE
tmntbackpack2,1,CR-DEFECTIVE
biglpants001-XL,1,CR-QUALITY_UNACCEPTABLE
tmntbackpack2,1,CR-DEFECTIVE
3568-OfficeWarehouseUniform-2XL,1,AMZ-PG-APP-TOO-SMALL
BLSA2565TV-BigLebowskiPinsPants-M,1,AMZ-PG-APP-TOO-LARGE
BLSA2565TV-BigLebowskiPinsPants-XL,1,AMZ-PG-APP-TOO-LARGE
BLSA2565TV-BigLebowskiPinsPants-S,1,AMZ-PG-APP-TOO-LARGE
Juno001N-M,1,CR-UNWANTED_ITEM
DSTS26MGS-WoodyJuniorsTshirt-XS,1,AMZ-PG-APP-TOO-SMALL
220844-BoxingRobeKids-Blk,1,AMZ-PG-BAD-DESC
PRangersShirtYouth-Red-XS,1,CR-DEFECTIVE
DSSCA5KMN2-MickeyMousePJSet-S,1,AMZ-PG-APP-TOO-SMALL
100576BLACK-M,1,AMZ-PG-APP-STYLE
DSSCA5KMN2-MickeyMousePJSet-S,1,AMZ-PG-APP-TOO-SMALL
starskyhutch001-XL,1,CR-UNWANTED_ITEM
frankie002-L,1,AMZ-PG-APP-TOO-LARGE
PRangersShirtYouth-Red-XS,1,CR-DEFECTIVE
DSSCA5KMN2-MickeyMousePJSet-S,1,CR-UNWANTED_ITEM
hoosiers003-M,1,AMZ-PG-APP-TOO-SMALL
100576BLACK-L,1,CR-MISSED_ESTIMATED_DELIVERY
GDSA2851TV-GratDeadPants-L,1,AMZ-PG-APP-TOO-SMALL
doubledare001red-M,1,AMZ-PG-APP-STYLE
doubledare001blue-S,1,AMZ-PG-APP-STYLE
supernaturalpendant2,1,AMZ-PG-APP-TOO-SMALL
100950-CowboyChaps,1,CR-DEFECTIVE
100950-CowboyChaps,1,CR-QUALITY_UNACCEPTABLE
100576BLACK-S,1,AMZ-PG-APP-TOO-SMALL
100576BLACK-S,1,AMZ-PG-APP-TOO-SMALL
juno004-M,1,AMZ-PG-APP-TOO-LARGE
tmntbackpack2,1,CR-DEFECTIVE
miami036-XXL,1,CR-UNWANTED_ITEM
biglpants001-S,1,AMZ-PG-APP-TOO-SMALL
blowupguitar,1,CR-FOUND_BETTER_PRICE
6695057-yellowstoneBeltBuckle,1,CR-UNWANTED_ITEM
100576BLACK-L,1,AMZ-PG-APP-TOO-LARGE
forestgumphat1,1,CR-UNWANTED_ITEM
RWTM2M-YodaHoodie-Boys-XL,1,AMZ-PG-APP-TOO-LARGE
220786-LT-DumbDumber-BLUE-M,1,CR-ORDERED_WRONG_ITEM
RiverdaleHat001,1,CR-QUALITY_UNACCEPTABLE
powerrangers018pink-6/12,1,CR-UNWANTED_ITEM
220901-FreshPrinceCostume-XL,1,CR-MISSED_ESTIMATED_DELIVERY
tmntonesiePURPLE-12M,1,AMZ-PG-APP-TOO-LARGE
SRST02-StarTrekLS-Red-4XL,1,CR-SWITCHEROO
BrownDreadlocks-1230,1,CR-MISSED_ESTIMATED_DELIVERY
103057-BernieDoll-OS,1,CR-DEFECTIVE
4U9ML-ERNIE-CostumeShirt-L,1,AMZ-PG-APP-TOO-SMALL
PRangersShirtYouth-Blue-S,1,CR-UNWANTED_ITEM
ferris008green-L,1,CR-MISSED_ESTIMATED_DELIVERY
ferris008brown-L,1,CR-MISSED_ESTIMATED_DELIVERY
DSMN-BoysMonstersJacket-S,1,CR-DAMAGED_BY_FC
DSMN-MensMonstersJacket-M,1,AMZ-PG-APP-TOO-LARGE
103015-BabyCarlosDollGlasses,1,CR-QUALITY_UNACCEPTABLE
hangoversatchel,1,CR-UNWANTED_ITEM
junkfood187-S,1,AMZ-PG-APP-TOO-LARGE
caddyshackhat003,1,AMZ-PG-APP-TOO-SMALL
ImperialOfficerCap-ECSW2060TV-Black,1,DID_NOT_LIKE_FABRIC
220697-MENS-MimeCostumeSet-L,1,CR-UNWANTED_ITEM
acwig,1,CR-MISSED_ESTIMATED_DELIVERY
HorsermanUCS-Orange-L,1,AMZ-PG-APP-STYLE
tmntmasks-Red,1,AMZ-PG-BAD-DESC
mash031-S,1,AMZ-PG-APP-TOO-SMALL
SNL007tan-XXL,1,CR-MISSED_ESTIMATED_DELIVERY
SNL007tan-M,1,CR-MISSED_ESTIMATED_DELIVERY
DELUXE-ADULT-Big_Lips,1,AMZ-PG-BAD-DESC
stpatricks009-M,1,CR-UNWANTED_ITEM
RetroWigHeadband-1191,1,AMZ-PG-BAD-DESC
220803-TinaCostume-2XL,1,CR-UNWANTED_ITEM
MZMC0T1-MinecraftPants-L,1,CR-QUALITY_UNACCEPTABLE
DSTS2RH-Jessie-Adult-LS-M,1,AMZ-PG-APP-TOO-LARGE
1154-HandlebarMustache,1,CR-QUALITY_UNACCEPTABLE
hulkb1goldN,1,AMZ-PG-APP-STYLE
204087-ChotchkiesCostumeSet-M,1,AMZ-PG-APP-TOO-SMALL
sundrop001MENS-XL,1,CR-SWITCHEROO
wrestlingboots-Lred,1,AMZ-PG-APP-TOO-LARGE
221014-WonkaCostume-L,1,AMZ-PG-BAD-DESC
wwe112N-L,1,AMZ-PG-BAD-DESC
GBXX22KBNP-Ghostbusters-M,1,AMZ-PG-APP-STYLE
220924-JackieMoonSet-L,1,AMZ-PG-APP-TOO-LARGE
100980-TheQueenMusicBeltArmband,1,CR-MISSING_PARTS
junkfood187-M,1,AMZ-PG-APP-TOO-SMALL
BuzzLightYearLongSleeveAdultShirt-L,1,AMZ-PG-APP-TOO-LARGE
spider036-L,1,AMZ-PG-APP-TOO-LARGE
GDSA2851TV-GratDeadPants-XL,1,AMZ-PG-APP-TOO-SMALL
roddypiper001-XXL,1,CR-UNWANTED_ITEM
waldocostumeDELUXE-L,1,CR-MISSING_PARTS
Inflatable001-CousinEddie,1,CR-UNWANTED_ITEM
roddypiper001-XL,1,AMZ-PG-APP-TOO-LARGE
100576BLACK-L,1,CR-UNWANTED_ITEM
InflatableGiraffe-Teen,1,AMZ-PG-APP-TOO-SMALL
ghost017-XL,1,AMZ-PG-APP-TOO-LARGE
GBSpenglerLSTee-S,1,AMZ-PG-APP-TOO-LARGE
leagueoftheirowncostume-5XL,1,AMZ-PG-APP-TOO-SMALL
5NSM0-MarioBrosSweatshirt-M,1,AMZ-PG-APP-TOO-LARGE
RWTM23BMN-BabyYodaPants-XL,1,AMZ-PG-APP-TOO-SMALL
DSSCA5KMN2-MickeyMousePJSet-M,1,AMZ-PG-APP-TOO-LARGE
WhiteAfroWig-1218,1,AMZ-PG-APP-TOO-LARGE
starwars168-M,1,AMZ-PG-APP-TOO-SMALL
hulkbRed,1,CR-UNWANTED_ITEM
ninjanogginmask-nude,1,AMZ-PG-APP-TOO-SMALL
220895-MartyMcflyCostume-XXL,1,CR-MISSED_ESTIMATED_DELIVERY
220844-BoxingRobeKids-Blk,1,AMZ-PG-BAD-DESC
221021-LebowskiGreenRobe-L/XL,1,CR-UNWANTED_ITEM
1272-HulkamaniaBanWigMustache,1,CR-MISSED_ESTIMATED_DELIVERY
100578BLACK-L,1,AMZ-PG-BAD-DESC
suitpajamas001black-L,1,AMZ-PG-APP-TOO-LARGE
WhiteAfroWig-1218,1,AMZ-PG-APP-TOO-LARGE
hoosiers003-M,1,DID_NOT_LIKE_FABRIC
hoosiers003-XXL,1,DID_NOT_LIKE_FABRIC
stepbros004-S,1,AMZ-PG-APP-TOO-SMALL
nerdstankdressBLUE-L,1,AMZ-PG-APP-TOO-SMALL
TSM20002TV-WoodyBelt-S,1,CR-MISSED_ESTIMATED_DELIVERY
100980-TheQueenMusicBeltArmband,1,CR-ORDERED_WRONG_ITEM
ImperialOfficerCap-ECSW2060TV-Black,1,AMZ-PG-APP-TOO-LARGE
TSM20002TV-WoodyBelt-S,1,CR-MISSED_ESTIMATED_DELIVERY
tmnt047tankdressRaph-S,1,CR-SWITCHEROO
tmnt047tankdressRaph-S,1,CR-SWITCHEROO
hulkpants001-L,1,AMZ-PG-APP-TOO-SMALL
siliconvalley001-XXL,1,CR-MISSED_ESTIMATED_DELIVERY
100576BLACK-L,1,AMZ-PG-APP-TOO-LARGE
helmetsBLACK,1,AMZ-PG-APP-TOO-SMALL
CurlAfroWig-1231,1,CR-MISSED_ESTIMATED_DELIVERY
bigldudecostume001-XL,1,CR-UNWANTED_ITEM
hulk001N-M,1,CR-UNWANTED_ITEM
220965-GhostSpider-3-4,1,CR-DEFECTIVE
batmanswim005-S,1,AMZ-PG-APP-STYLE
wrestlingboots-XLW,1,CR-MISSED_ESTIMATED_DELIVERY
FXMSC20-SpenglerShirt-L,1,CR-MISSED_ESTIMATED_DELIVERY
wrestlingboots-LW,1,AMZ-PG-APP-TOO-LARGE
ApolloShorts-M,1,CR-UNWANTED_ITEM
wrestlingboots-XLY,1,CR-UNWANTED_ITEM
BlackPanther-MVBP02-2XL,1,AMZ-PG-APP-TOO-SMALL
mm003JRSgreen-XL,1,AMZ-PG-APP-TOO-SMALL
revengenerds005-M,2,DID_NOT_LIKE_FABRIC
220715-AirForcePilotKidsCostume-10/12,1,CR-DEFECTIVE
221038-RetroJacketDesign4-S,1,AMZ-PG-APP-TOO-LARGE
100980-TheQueenMusicBeltArmband,1,AMZ-PG-APP-TOO-SMALL
sbb015-S,1,AMZ-PG-APP-TOO-SMALL
204083-JokerCostumeSet1-XXL,1,CR-MISSING_PARTS
hangover014-XXXL,1,AMZ-PG-APP-TOO-SMALL
ChristmasOrnaments-CousinEddie,1,CR-DAMAGED_BY_FC
100584-SheriffBoots-10/11,1,AMZ-PG-APP-STYLE
GOTCoin,1,CR-MISSED_ESTIMATED_DELIVERY
dodgeball003N-S,1,AMZ-PG-APP-TOO-LARGE
ElvisGlasses001-Gold,1,AMZ-PG-BAD-DESC
BV46JZSSQ-HQSpikedCuffs,1,CR-UNWANTED_ITEM
220814-PowerRangerPJ-YLW-XL,2,DID_NOT_LIKE_COLOR
arrested011-XXL,1,CR-UNWANTED_ITEM
scarfaceglasses001,1,CR-DEFECTIVE
incredhulk013-XXXL,2,AMZ-PG-BAD-DESC
pedro004-M,1,CR-UNWANTED_ITEM
pedro004-M,1,CR-UNWANTED_ITEM
220895-MartyMcflyCostume-XL,1,AMZ-PG-APP-TOO-LARGE
100576BLACK-L,1,CR-UNWANTED_ITEM
100576BROWN-S,1,AMZ-PG-APP-TOO-SMALL
100576BLACK-XL,1,CR-MISSED_ESTIMATED_DELIVERY
frankie002-M,1,CR-UNWANTED_ITEM
sbb015-S,1,CR-MISSED_ESTIMATED_DELIVERY
1272-HulkamaniaBanWigMustache,1,CR-MISSING_PARTS
