SKU,Quantity,Reason,Month
1152-WendyWig,1,CR-UNWANTED_ITEM,July
100576BLACK-XL,1,AMZ-PG-APP-TOO-LARGE,July
1152-WendyWig,1,CR-QUALITY_UNACCEPTABLE,July
hulk001-L,2,CR-UNWANTED_ITEM,July
christmasvaca011-L,1,AMZ-PG-APP-TOO-LARGE,July
220745-AhoySailorCostume-WOMENS-S/M,1,CR-UNWANTED_ITEM,July
acwig,1,CR-QUALITY_UNACCEPTABLE,July
oktoberfestlederhosenPANTS-34,1,AMZ-PG-APP-TOO-SMALL,July
100584-SheriffBoots-10/11,1,AMZ-PG-APP-TOO-LARGE,July
PowerRangers-Green-SLShirt-XL,1,AMZ-PG-APP-TOO-LARGE,July
A9249-MarvelDress-S,1,CR-UNWANTED_ITEM,July
ElvisGlasses001-Gold,1,AMZ-PG-APP-TOO-LARGE,July
sharkcostume-XXL,1,CR-UNWANTED_ITEM,July
20282-XXL,1,AMZ-PG-APP-TOO-LARGE,July
bvswwcostume-L,1,CR-UNWANTED_ITEM,July
220074-PenguinChubSuit-Teen,1,AMZ-PG-APP-TOO-LARGE,July
220834-GriswoldTie,1,AMZ-PG-BAD-DESC,July
fearandloathingcostumeset-XL,1,CR-SWITCHEROO,July
100576BROWN-S,1,AMZ-PG-APP-TOO-SMALL,July
100576BROWN-L,1,AMZ-PG-APP-TOO-SMALL,July
oktoberfestlederhosenPANTS-44,1,AMZ-PG-APP-TOO-LARGE,July
plumtree001-L,1,CR-MISSED_ESTIMATED_DELIVERY,July
220785-DumbDumber-ORNG-2XL,1,CR-DEFECTIVE,July
XO011MBSTV-TopGunPajamaSuit-XS,1,AMZ-PG-APP-TOO-LARGE,July
CowgirlShirt-204051-S,1,CR-MISSED_ESTIMATED_DELIVERY,July
arresteddapron,1,AMZ-PG-APP-STYLE,July
204089-ModernLife-XL,1,AMZ-PG-APP-TOO-LARGE,July
PowerRangers-Red-SLShirt-2XL,1,CR-UNWANTED_ITEM,July
220745-AhoySailorCostume-WOMENS-L/XL,1,AMZ-PG-BAD-DESC,July
hulk003-XXL,1,AMZ-PG-APP-STYLE,July
plumtree001-L,1,AMZ-PG-APP-TOO-SMALL,July
feltmasks-Red,1,AMZ-PG-APP-TOO-LARGE,July
QF009BBSTV-BlueyPajamas-3T,1,AMZ-PG-BAD-DESC,July
bvswwcostume-M,1,CR-DEFECTIVE,July
ricflare001-black,1,CR-DEFECTIVE,July
sesame034-6,1,AMZ-PG-APP-STYLE,July
204088-HopperHawaiianShirt-M,1,CR-QUALITY_UNACCEPTABLE,July
220786-LT-DumbDumber-BLUE-L,1,CR-UNWANTED_ITEM,July
220785-DumbDumber-ORNG-2XL,1,CR-UNWANTED_ITEM,July
legendstemplered-XXL,1,CR-UNWANTED_ITEM,July
usaboardshorts003-L,1,AMZ-PG-APP-TOO-SMALL,July
220850-ChuckieCostume-2T,1,CR-DAMAGED_BY_FC,July
ElvisGlasses001-Gold,1,AMZ-PG-APP-STYLE,July
fearloathingglasses,1,CR-UNWANTED_ITEM,July
CowgirlShirt-204051-XL,1,CR-DEFECTIVE,July
ApolloShorts-XL,1,CR-MISSED_ESTIMATED_DELIVERY,July
wonderwoman013-XL,1,AMZ-PG-APP-TOO-SMALL,July
tmntskater001raph-M,1,CR-UNWANTED_ITEM,July
blowupguitar,1,CR-SWITCHEROO,July
aerosmith002-M,1,AMZ-PG-APP-TOO-SMALL,July
220660gldsm,1,CR-QUALITY_UNACCEPTABLE,July
ninjanogginmask-green,1,DID_NOT_LIKE_COLOR,July
JLSN219-TuneSquadLOLA-XL,1,CR-UNWANTED_ITEM,July
204088-HopperHawaiianShirt-XL,1,AMZ-PG-APP-TOO-LARGE,July
CustomSublimationCape-Black,1,CR-MISSED_ESTIMATED_DELIVERY,July
204074-QuaggyGiggityShirt-XL,1,AMZ-PG-APP-TOO-LARGE,July
beautybeast001-L-XL,1,AMZ-PG-APP-TOO-SMALL,July
220077-HotDogChubSuit-Teen,1,CR-UNWANTED_ITEM,July
usaboardshorts003-S,1,CR-UNWANTED_ITEM,July
leagueoftheirowncostume-L/XL,1,CR-DEFECTIVE,July
DaleVest-L,1,CR-UNWANTED_ITEM,July
BrennanVest-M,1,CR-UNWANTED_ITEM,July
hulk001r-XXL,1,CR-UNWANTED_ITEM,July
btlc004-S,1,CR-UNWANTED_ITEM,July
4U9ML-ERNIE-CostumeShirt-L,1,AMZ-PG-APP-TOO-LARGE,July
aw004m-L,1,DID_NOT_LIKE_FABRIC,July
aw004m-XL,1,DID_NOT_LIKE_FABRIC,July
220621-youth,1,CR-SWITCHEROO,July
220745-AhoySailorCostume-WOMENS-S/M,1,CR-UNWANTED_ITEM,July
RMSM3878-RickMortyHoliday-S,1,AMZ-PG-APP-TOO-LARGE,July
rubiks002-M,1,AMZ-PG-APP-TOO-LARGE,July
BlondeDreadlocks-1229,1,AMZ-PG-BAD-DESC,July
100578BLACK-M,1,AMZ-PG-APP-TOO-SMALL,July
tmntskater001leo-S,1,AMZ-PG-APP-TOO-LARGE,July
tmntskater001leo-M,1,AMZ-PG-APP-TOO-LARGE,July
204092-RainbowCardigan-L,1,CR-UNAUTHORIZED_PURCHASE,July
caddyshackhat002,1,CR-UNWANTED_ITEM,July
bigl012-XXL,1,AMZ-PG-APP-TOO-SMALL,July
100576BROWN-M,1,AMZ-PG-APP-TOO-SMALL,July
dodgeball003-L,1,CR-UNWANTED_ITEM,July
dodgeball003-M,1,CR-UNWANTED_ITEM,July
simp001-S,1,CR-MISSED_ESTIMATED_DELIVERY,July
leagueoftheirowncostume-L/XL,1,CR-UNWANTED_ITEM,July
topgun014-XL,1,AMZ-PG-APP-TOO-SMALL,July
220797-CaddyJumpsuit-XL,1,CR-UNWANTED_ITEM,July
powerrangers018black-12/18,1,AMZ-PG-APP-TOO-LARGE,July
220793-MasterRoshiShirt-M,1,CR-UNWANTED_ITEM,July
hulkpantsN001-XL,1,AMZ-PG-APP-TOO-SMALL,July
hollywoodbandana,1,CR-UNWANTED_ITEM,July
sbb015-M,1,AMZ-PG-APP-TOO-SMALL,July
100576BLACK-M,1,AMZ-PG-APP-TOO-SMALL,July
ledzeppelin002-XL,1,AMZ-PG-APP-TOO-SMALL,July
220835-NunMask,1,CR-UNWANTED_ITEM,July
powerrangerssweatshirtGreen-M,1,CR-DEFECTIVE,July
220752-RockfordPeachesMENS-2XL,1,AMZ-PG-APP-TOO-LARGE,July
tmnt047tankdressRaph-L,1,AMZ-PG-APP-TOO-SMALL,July
btlc004-S,1,AMZ-PG-APP-TOO-SMALL,July
metallica003-XXL,1,CR-DEFECTIVE,July
snlbearsLONGsweater-S,1,AMZ-PG-APP-TOO-SMALL,July
bigl012-XL,1,AMZ-PG-APP-TOO-SMALL,July
Futurama003-M,1,CR-DEFECTIVE,July
220744-AhoySailorCostume-MENS-PLUS,1,AMZ-PG-APP-TOO-LARGE,July
plumtree001-L,1,AMZ-PG-APP-TOO-SMALL,July
220078-SharkChubSuitYellow-Adult,1,CR-UNWANTED_ITEM,July
100541-JungleCruiseHat,1,CR-DEFECTIVE,July
220744-AhoySailorCostume-MENS-STD,1,AMZ-PG-APP-TOO-LARGE,July
starskyhutch001-XL,1,AMZ-PG-APP-TOO-LARGE,July
woodycostumeshirt-L-XL,1,CR-MISSED_ESTIMATED_DELIVERY,July
topgun002-L,1,AMZ-PG-BAD-DESC,July
100578BLACK-L,1,AMZ-PG-APP-STYLE,July
fearloathingglasses,1,AMZ-PG-APP-STYLE,July
100576BLACK-S,1,AMZ-PG-APP-TOO-SMALL,July
100576BLACK-M,1,CR-UNWANTED_ITEM,July
100576BLACK-L,1,CR-UNWANTED_ITEM,July
leagueoftheirowncostume-XXLdeluxe,1,AMZ-PG-APP-TOO-SMALL,July
Fragg004-S,1,CR-MISSED_ESTIMATED_DELIVERY,July
vforvendetta001-S,1,AMZ-PG-APP-STYLE,July
bandanaglassesset-Purple,1,CR-UNWANTED_ITEM,July
woodycostumeshirt-3XL,2,CR-UNWANTED_ITEM,July
220785-DumbDumber-ORNG-2XL,1,CR-DEFECTIVE,July
220786-LT-DumbDumber-BLUE-S,1,CR-DEFECTIVE,July
220660gldxs,1,CR-UNWANTED_ITEM,July
hulk003-L,1,AMZ-PG-APP-TOO-LARGE,July
rockyrobe2,1,CR-MISSED_ESTIMATED_DELIVERY,July
ledzeppelin002-M,1,AMZ-PG-APP-TOO-LARGE,July
100578BLACK-XL,1,AMZ-PG-APP-TOO-LARGE,July
ricflare001-pink,1,CR-UNWANTED_ITEM,July
TSM20002TV-WoodyBelt-S,1,AMZ-PG-APP-TOO-SMALL,July
220757-AverageJoesWomensSet-2XL,1,CR-UNWANTED_ITEM,July
ferris010-M,1,AMZ-PG-APP-TOO-SMALL,July
dodgeball003-M,1,CR-UNWANTED_ITEM,July
dodgeball003-L,1,CR-UNWANTED_ITEM,July
100576BLACK-XL,1,AMZ-PG-APP-TOO-LARGE,July
220759-BLUE-DetectiveBLUEShirt1-XL,1,AMZ-PG-BAD-DESC,July
amywinehousewig,1,AMZ-PG-BAD-DESC,July
leagueoftheirownGIRLS-2T,1,AMZ-PG-APP-TOO-SMALL,July
ninjanogginmask-darkgreen,1,AMZ-PG-APP-TOO-LARGE,July
220823-PinkBunny-KIDS-10/12,1,CR-UNWANTED_ITEM,July
BigLCostume-Kids-7/8,1,AMZ-PG-BAD-DESC,July
wizardozsocks002,1,AMZ-PG-APP-TOO-LARGE,July
100576BLACK-L,1,AMZ-PG-APP-TOO-LARGE,July
albundy002-5X,1,AMZ-PG-APP-TOO-LARGE,July
amywinehousewig,1,CR-UNWANTED_ITEM,July
CustomSublimationCape-BlackWhite,1,DID_NOT_LIKE_COLOR,July
99MUL-SimpsonsBackpack,1,CR-ORDERED_WRONG_ITEM,July
100576BLACK-M,1,AMZ-PG-APP-TOO-SMALL,July
QF009BBSTV-BlueyPajamas-6,1,CR-MISSED_ESTIMATED_DELIVERY,July
PowerRangers-Red-SLShirt-2XL,1,CR-UNWANTED_ITEM,July
flinttropicssocks,1,AMZ-PG-APP-TOO-SMALL,July
220783-FlintTropicShorts-S/M,1,AMZ-PG-APP-TOO-SMALL,July
leagueoftheirowncostume-L/XL,1,CR-MISSED_ESTIMATED_DELIVERY,July
bigbang006grey-L,1,DID_NOT_LIKE_FABRIC,July
ricflare001-black,1,CR-DEFECTIVE,July
pedro004-L,1,CR-DAMAGED_BY_CARRIER,July
leagueoftheirowncostume-L/XL,1,CR-DEFECTIVE,July
Office008-M,1,DID_NOT_LIKE_COLOR,July
Office008-S,1,DID_NOT_LIKE_COLOR,July
officedundie,1,CR-DAMAGED_BY_FC,July
100576BROWN-M,1,AMZ-PG-APP-TOO-SMALL,July
bvswwcostume-2X,1,AMZ-PG-BAD-DESC,July
bvswwcostume-XL,1,AMZ-PG-BAD-DESC,July
WR0232-LoungePants-S,1,AMZ-PG-APP-TOO-SMALL,July
powerrangers018pink-18/24,1,DID_NOT_LIKE_COLOR,July
220744-AhoySailorCostume-MENS-STD,1,AMZ-PG-APP-TOO-SMALL,July
XFiles001-L,1,AMZ-PG-APP-TOO-SMALL,July
mm003JRSyellow-L,1,AMZ-PG-APP-TOO-SMALL,July
220785-DumbDumber-ORNG-XL,1,CR-ORDERED_WRONG_ITEM,July
220744-AhoySailorCostume-MENS-PLUS,1,AMZ-PG-APP-TOO-SMALL,July
princessbloomwig,1,CR-UNWANTED_ITEM,July
princessbloomwig,1,CR-MISSED_ESTIMATED_DELIVERY,July
sbtbslaterjersey-XL,1,AMZ-PG-APP-TOO-SMALL,July
sbb015-S,1,AMZ-PG-APP-TOO-SMALL,July
204087-ChotchkiesCostumeSet-XL,1,AMZ-PG-APP-TOO-SMALL,July
acwig,1,CR-MISSED_ESTIMATED_DELIVERY,July
220660plsm,1,AMZ-PG-APP-TOO-LARGE,July
220681-CarryMeChubSuit-STD,1,CR-DEFECTIVE,July
powerrangerssweatshirtPink-XXXL,1,AMZ-PG-APP-TOO-LARGE,July
100541-JungleCruiseHat,1,AMZ-PG-BAD-DESC,July
220639-std,1,CR-QUALITY_UNACCEPTABLE,July
100576BROWN-M,1,CR-UNWANTED_ITEM,July
220631-plus1,1,CR-DEFECTIVE,July
220781-MeanGirlsSantaCostume-2XL,1,AMZ-PG-APP-TOO-SMALL,July
DSTS26LGS-BuzzLightyearJuniotsTshirt-XL,1,AMZ-PG-APP-TOO-LARGE,July
metallica003-M,1,CR-UNWANTED_ITEM,July
boratthong,2,CR-MISSED_ESTIMATED_DELIVERY,July
scottpilgrimramonabag-Pink/Turquoise,1,CR-UNWANTED_ITEM,July
220845-CustomRobeKids-Blu,1,AMZ-PG-BAD-DESC,July
hulkhogancostumesetREDsunYELban-3X,1,AMZ-PG-APP-TOO-SMALL,July
220781-MeanGirlsSantaCostume-2XL,1,AMZ-PG-APP-TOO-LARGE,July
soahat005-S/M,1,AMZ-PG-APP-TOO-SMALL,July
mm003JRSblue-L,1,AMZ-PG-APP-TOO-SMALL,July
mm003JRSyellow-L,1,AMZ-PG-APP-TOO-SMALL,July
superherocape002ADULTred-blu,1,CR-UNWANTED_ITEM,July
leagueoftheirowncostume-XXLdeluxe,1,AMZ-PG-APP-TOO-SMALL,July
100980-TheQueenMusicBeltArmband,1,CR-UNWANTED_ITEM,July
heavyweights001TANK-M,1,AMZ-PG-APP-STYLE,July
CowgirlShirt-204051-L,1,AMZ-PG-BAD-DESC,July
starwars129-XL,1,CR-UNWANTED_ITEM,July
204070-Detective&BlueShirt-M,1,CR-SWITCHEROO,July
wrestlingboots-LBlu,2,CR-UNWANTED_ITEM,July
wrestlingboots-MBlu,1,CR-UNWANTED_ITEM,July
wrestlingboots-Lred,2,CR-UNWANTED_ITEM,July
starwars129-L,1,CR-UNWANTED_ITEM,July
leagueoftheirowncostume-XXLdeluxe,1,AMZ-PG-APP-TOO-SMALL,July
sein023-M,1,AMZ-PG-APP-STYLE,July
mashhat002,6,AMZ-PG-APP-TOO-SMALL,July
220797-CaddyJumpsuit-XXL,1,CR-UNWANTED_ITEM,July
ghost022-XL,1,CR-UNWANTED_ITEM,July
220785-DumbDumber-ORNG-XL,1,CR-MISSING_PARTS,July
Ghostbusters-GBXX1A-XL,1,AMZ-PG-BAD-DESC,July
alsunny021-M,1,AMZ-PG-APP-TOO-SMALL,July
office023-L,1,AMZ-PG-APP-TOO-SMALL,July
220785-DumbDumber-ORNG-2XL,1,CR-DEFECTIVE,July
alanbabycarriercostumeDELUXE-XL,1,AMZ-PG-APP-TOO-SMALL,July
woodycostumeshirt-3XL,1,CR-UNWANTED_ITEM,July
CelticRing-6.5,1,AMZ-PG-APP-TOO-SMALL,July
starwars089-M,1,AMZ-PG-APP-TOO-LARGE,July
PowerRangers-Black-SLShirt-XL,1,AMZ-PG-APP-STYLE,July
220786-LT-DumbDumber-BLUE-M,1,CR-MISSING_PARTS,July
220785-DumbDumber-ORNG-M,1,CR-MISSING_PARTS,July
alanbabycarriercostumeDELUXE-S,1,CR-UNWANTED_ITEM,July
oktoberfestlederhosenPANTS-34,1,AMZ-PG-APP-TOO-LARGE,July
bigl012-L,1,AMZ-PG-APP-TOO-SMALL,July
ironman003-M,1,AMZ-PG-APP-TOO-SMALL,July
220745-AhoySailorCostume-WOMENS-L/XL,1,CR-UNWANTED_ITEM,July
K4SA2128TV-CobraKaiPants-S,1,CR-DEFECTIVE,July
CowgirlShirt-204051-XXL,1,AMZ-PG-APP-TOO-SMALL,July
CowgirlShirt-204051-XXL,1,AMZ-PG-APP-STYLE,July
leagueoftheirowncostume-L/XL,2,CR-UNWANTED_ITEM,July
ElvisGlasses001-Silver,1,CR-DEFECTIVE,July
2N75-ElmoHoodieEyeball-XL,1,AMZ-PG-APP-TOO-LARGE,July
WB0216-WB0217-DorothyCorsetTutuSet-S,1,AMZ-PG-APP-TOO-SMALL,July
220660rlxl,1,CR-UNWANTED_ITEM,July
220839-SashFlag,1,CR-MISSING_PARTS,July
legendstempleblue-S,1,CR-FOUND_BETTER_PRICE,July
legendstempleblue-L,1,CR-FOUND_BETTER_PRICE,July
QF009BBSTV-BlueyPajamas-8,1,AMZ-PG-BAD-DESC,July
CousinEddieWhiteRobe-220703,1,CR-UNWANTED_ITEM,July
CousinEddieWhiteRobe-220703,1,AMZ-PG-APP-STYLE,July
hoosiers003-L,1,AMZ-PG-APP-TOO-SMALL,July
WoodyLongSleeveAdultShirt-XXL,1,AMZ-PG-APP-TOO-SMALL,July
topgun014-XXL,1,AMZ-PG-APP-TOO-SMALL,July
blowupguitar,1,CR-UNWANTED_ITEM,July
PowerRangers-White-SLShirt-M,1,CR-MISSED_ESTIMATED_DELIVERY,July
PowerRangers-Green-SLShirt-XL,1,CR-MISSED_ESTIMATED_DELIVERY,July
PowerRangers-Blue-SLShirt-L,1,CR-MISSED_ESTIMATED_DELIVERY,July
PowerRangers-Red-SLShirt-L,1,CR-MISSED_ESTIMATED_DELIVERY,July
PowerRangers-Blue-SLShirt-L,1,CR-MISSED_ESTIMATED_DELIVERY,July
PowerRangers-Red-SLShirt-L,1,CR-MISSED_ESTIMATED_DELIVERY,July
PowerRangers-White-SLShirt-M,1,CR-MISSED_ESTIMATED_DELIVERY,July
PowerRangers-Green-SLShirt-XL,1,CR-MISSED_ESTIMATED_DELIVERY,July
PowerRangers-Pink-SLShirt-3XL,1,CR-MISSED_ESTIMATED_DELIVERY,July
caddyshackhat002,1,CR-UNWANTED_ITEM,July
usaboardshorts003-S,1,AMZ-PG-APP-TOO-LARGE,July
220745-AhoySailorCostume-WOMENS-L/XL,1,CR-UNWANTED_ITEM,July
99MUL-SimpsonsBackpack,1,CR-DEFECTIVE,July
karatekidcobrakaidlxcostumetXL-Deluxe-XL,1,CR-UNWANTED_ITEM,July
DSSCCXYBNP-HoHoHoPants-L,1,AMZ-PG-APP-TOO-LARGE,July
220776-BigBoyOverall-BLUE-S/M,1,CR-DEFECTIVE,July
bvswwcostume-XL,1,CR-DEFECTIVE,July
amywinehouseset1,1,CR-UNWANTED_ITEM,July
bigl032-XL,1,AMZ-PG-APP-TOO-LARGE,July
CustomSublimationCape-BlackWhite,1,CR-DEFECTIVE,July
220654-XXL,1,AMZ-PG-APP-TOO-LARGE,July
CousinEddieWhiteRobe-220703,1,CR-UNWANTED_ITEM,July
fearloathingglasses,1,AMZ-PG-APP-STYLE,July
wrestlingboots-LB,1,CR-UNWANTED_ITEM,July
220744-AhoySailorCostume-MENS-STD,1,CR-UNWANTED_ITEM,July
thewarrior001-S-M,2,CR-DEFECTIVE,July
thewarrior001-L-XL,1,CR-DEFECTIVE,July
customshirtBlack-M,1,AMZ-PG-APP-TOO-SMALL,July
legendstemplepurp-XL,1,CR-UNWANTED_ITEM,July
CustomSublimationCape-Black,1,DID_NOT_LIKE_COLOR,July
prettywomandress,1,AMZ-PG-APP-TOO-SMALL,July
220743-FlintTropicsSHORTS-L/XL,1,DID_NOT_LIKE_FABRIC,July
legendstemplered-S,1,AMZ-PG-APP-TOO-LARGE,July
100576BLACK-M,1,AMZ-PG-APP-TOO-SMALL,July
204088-HopperHawaiianShirt-M,1,AMZ-PG-APP-TOO-LARGE,July
hulk001y-XS,1,CR-FOUND_BETTER_PRICE,July
sein023-M,1,AMZ-PG-APP-TOO-LARGE,July
220744-AhoySailorCostume-MENS-STD,1,CR-MISSED_ESTIMATED_DELIVERY,July
220745-AhoySailorCostume-WOMENS-S/M,1,CR-MISSED_ESTIMATED_DELIVERY,July
mm001Nred-XXL,1,AMZ-PG-APP-TOO-LARGE,July
220714-TrainEngineerChildCostume-2/3,1,CR-UNWANTED_ITEM,July
M&M-Red-ADULT-Shirt-2XL,1,AMZ-PG-APP-TOO-LARGE,July
Custom-990B-Youth-RoyalBlue-L,1,DID_NOT_LIKE_FABRIC,July
coketankdress-XL,1,AMZ-PG-MISORDERED,July
starwars129-4XL,1,AMZ-PG-APP-TOO-LARGE,July
NSSA3485TV-NarutoPants-M,1,AMZ-PG-APP-TOO-SMALL,July
100576BLACK-S,1,AMZ-PG-APP-TOO-SMALL,July
CCXX23IMNP-CokeBearSnow-117-2XL,1,CR-SWITCHEROO,July
DSTS26LGS-BuzzLightyearJuniotsTshirt-L,1,AMZ-PG-APP-TOO-SMALL,July
220696-WOMENS-MimeCostumeSet-L,1,AMZ-PG-APP-STYLE,July
nightmare005-2X,1,AMZ-PG-APP-TOO-SMALL,July
leagueoftheirowncostume-L/XL,1,CR-DEFECTIVE,July
tmnt047tankdressMike-L,1,AMZ-PG-APP-TOO-SMALL,July
TSM20002TV-WoodyBelt-L,1,AMZ-PG-APP-TOO-SMALL,July
220743-FlintTropicsSHORTS-S/M,1,AMZ-PG-APP-TOO-SMALL,July
RacineBellsCostumeDressWomens-S/M,1,CR-UNWANTED_ITEM,July
fourlokotankdressBlue-L,1,AMZ-PG-APP-TOO-SMALL,July
fourlokotankdressGreen-M,1,AMZ-PG-APP-TOO-SMALL,July
220078-SharkChubSuitYellow-Adult,1,CR-MISSED_ESTIMATED_DELIVERY,July
220078-SharkChubSuitYellow-Adult,1,CR-UNWANTED_ITEM,July
220745-AhoySailorCostume-WOMENS-L/XL,1,CR-UNWANTED_ITEM,July
bvswwcostume-L,1,CR-ORDERED_WRONG_ITEM,July
heavyweights001TANK-M,1,AMZ-PG-APP-STYLE,July
PowerRangersSocks-Pink,1,CR-UNWANTED_ITEM,July
QF009BBSTV-BlueyPajamas-2T,1,CR-DEFECTIVE,July
leagueoftheirowncostume-XXLdeluxe,1,AMZ-PG-APP-TOO-SMALL,July
mashhat002,1,DID_NOT_LIKE_COLOR,July
tmntmasks-Orange,2,AMZ-PG-APP-STYLE,July
tmntmasks-Blue,2,AMZ-PG-APP-STYLE,July
tmntmasks-Purple,1,AMZ-PG-APP-STYLE,July
feltmasks-Red,2,AMZ-PG-APP-STYLE,July
starwars129-L,1,CR-MISSING_PARTS,July
leagueoftheirowncostume-L/XL,1,AMZ-PG-BAD-DESC,July
99MUL-SimpsonsBackpack,1,CR-UNWANTED_ITEM,July
220080-SharkChubSuitPink-Adult,1,CR-UNWANTED_ITEM,July
tmntonesieBLUE-24M,1,CR-UNWANTED_ITEM,July
suicidesquad005womens-L,1,CR-UNWANTED_ITEM,July
RetroWigHeadband-1191,1,CR-UNAUTHORIZED_PURCHASE,July
oktoberfestlederhosenSHORTS-36,1,AMZ-PG-APP-TOO-SMALL,July
thewarrior001-XXL,1,CR-DEFECTIVE,July
100576BLACK-XL,1,AMZ-PG-APP-TOO-LARGE,July
BEA027-BeatlesChristmasSweater-4XL,1,CR-MISSED_ESTIMATED_DELIVERY,July
bigl012-XL,1,AMZ-PG-APP-TOO-SMALL,July
SantaBoots-100580-M,1,CR-UNWANTED_ITEM,July
PowerRangers-Red-SLShirt-XL,1,AMZ-PG-BAD-DESC,July
powerrangers018yellow-6/12,1,AMZ-PG-APP-TOO-LARGE,July
bandanaglassesset-Purple,1,CR-UNWANTED_ITEM,July
M&M-Yellow-JUNIORS-Shirt-2XL,1,AMZ-PG-APP-TOO-SMALL,July
M&M-Green-JUNIORS-Shirt-S,1,AMZ-PG-APP-TOO-SMALL,July
suicidesquad004-2X,1,CR-QUALITY_UNACCEPTABLE,July
feltmasks-Red,1,AMZ-PG-BAD-DESC,July
biglpants001-S,1,AMZ-PG-APP-TOO-SMALL,July
customshirtRoyalBlue-S,1,CR-QUALITY_UNACCEPTABLE,July
breakingbad004black-L,1,CR-MISSED_ESTIMATED_DELIVERY,July
204070-Detective&BlueShirt-L,1,AMZ-PG-BAD-DESC,July
CelticRing-5.5,1,AMZ-PG-BAD-DESC,July
220078-SharkChubSuitYellow-Adult,1,CR-DEFECTIVE,July
100576BROWN-L,1,AMZ-PG-APP-TOO-LARGE,July
220743-FlintTropicsSHORTS-S/M,1,AMZ-PG-APP-TOO-SMALL,July
suitpajamas001purple-XXL,1,AMZ-PG-APP-TOO-SMALL,July
leagueoftheirowncostume-L/XL,1,CR-UNWANTED_ITEM,July
drwho070-XL,1,AMZ-PG-APP-TOO-SMALL,July
leagueoftheirowncostume-XXLdeluxe,1,AMZ-PG-APP-TOO-SMALL,July
220750-DayDeadFullCostume-L,3,CR-UNWANTED_ITEM,July
amywinehousewig,1,CR-ORDERED_WRONG_ITEM,July
DaleVest-XL,1,CR-UNWANTED_ITEM,July
WR0232-LoungePants-XL,1,AMZ-PG-APP-STYLE,July
starwars088-M,1,AMZ-PG-APP-TOO-SMALL,July
ghostbustershatECGB2007HM,1,DID_NOT_LIKE_COLOR,July
XO011MBSTV-TopGunPajamaSuit-M,1,AMZ-PG-APP-TOO-LARGE,July
starwars129-XXL,1,AMZ-PG-BAD-DESC,July
powerrangers009jr-L,1,AMZ-PG-APP-TOO-LARGE,July
drseuss027thing1-XXXL,1,AMZ-PG-APP-TOO-LARGE,July
leagueoftheirowncostume-XXLdeluxe,1,AMZ-PG-BAD-DESC,July
220745-AhoySailorCostume-WOMENS-S/M,1,CR-DEFECTIVE,July
drseuss015-S,1,AMZ-PG-APP-TOO-SMALL,July
dodgeball003N-M,1,CR-DEFECTIVE,July
dodgeball003-XXXL,1,CR-DEFECTIVE,July
leagueoftheirowncostume-L/XL,1,CR-DEFECTIVE,July
plumtree001-XXL,1,AMZ-PG-APP-TOO-SMALL,July
204088-HopperHawaiianShirt-3XL,1,AMZ-PG-APP-TOO-LARGE,July
204071-UncleRicoShirt-L,1,CR-UNWANTED_ITEM,July
fearloathingglasses,1,CR-DAMAGED_BY_CARRIER,July
220077-HotDogChubSuit-Teen,1,AMZ-PG-APP-TOO-SMALL,July
dresshat001HAT2-Brown,1,AMZ-PG-APP-TOO-SMALL,July
furiespants-L,1,AMZ-PG-APP-TOO-SMALL,July
Warriors001-XL,1,AMZ-PG-APP-TOO-LARGE,July
doubledare001red-XXL,2,AMZ-PG-APP-TOO-LARGE,July
GDSA2851TV-GratDeadPants-2XL,1,AMZ-PG-APP-TOO-LARGE,July
hoosiers003-XXL,1,AMZ-PG-APP-TOO-SMALL,July
100576BLACK-L,1,AMZ-PG-APP-TOO-SMALL,July
leagueoftheirowncostume-L/XL,1,CR-DEFECTIVE,July
BrennanVest-XL,1,AMZ-PG-APP-TOO-LARGE,July
waynesworldcostumeset,1,CR-UNWANTED_ITEM,July
frankie002-XL,1,DID_NOT_LIKE_FABRIC,July
fearloathingglasses,1,CR-DEFECTIVE,July
220745-AhoySailorCostume-WOMENS-L/XL,1,CR-MISSED_ESTIMATED_DELIVERY,July
220744-AhoySailorCostume-MENS-XS,1,CR-UNWANTED_ITEM,July
madhatterpurse001,1,DID_NOT_LIKE_FABRIC,July
richardsimmons001-XXL,1,AMZ-PG-APP-TOO-LARGE,July
PowerRangers-Green-SLShirt-XS,1,AMZ-PG-APP-TOO-LARGE,July
100576BLACK-S,1,AMZ-PG-APP-TOO-SMALL,July
220776-BigBoyOverall-BLUE-S/M,1,AMZ-PG-APP-TOO-LARGE,July
madhatterpurse001,1,CR-UNWANTED_ITEM,July
ApolloShorts-L,1,CR-UNWANTED_ITEM,July
Peanuts001-M,1,DID_NOT_LIKE_FABRIC,July
220814-PowerRangerPJ-GRN-XL,1,CR-DEFECTIVE,July
InflatableGiraffe-Teen,1,AMZ-PG-APP-TOO-LARGE,July
220074-PenguinChubSuit-Teen,1,AMZ-PG-APP-TOO-LARGE,July
BlueScientist-220691-XS,1,AMZ-PG-APP-TOO-SMALL,July
220781-MeanGirlsSantaCostume-S,1,CR-UNWANTED_ITEM,July
leagueoftheirowncostume-L/XL,1,CR-MISSED_ESTIMATED_DELIVERY,July
ricflare001-pink,1,AMZ-PG-APP-TOO-SMALL,July
220744-AhoySailorCostume-MENS-PLUS,1,CR-MISSED_ESTIMATED_DELIVERY,July
mm003JRSorange-L,1,CR-UNWANTED_ITEM,July
superherocape002ADULTpink-purp,1,DID_NOT_LIKE_COLOR,July
NSSA3485TV-NarutoPants-M,1,CR-UNWANTED_ITEM,July
220745-AhoySailorCostume-WOMENS-L/XL,1,CR-DEFECTIVE,July
StarWarsFinnJacket-L,1,AMZ-PG-APP-TOO-LARGE,July
ricflare001-blue,1,CR-SWITCHEROO,July
220786-LT-DumbDumber-BLUE-XL,1,CR-UNWANTED_ITEM,July
220785-DumbDumber-ORNG-XL,1,CR-UNWANTED_ITEM,July
1152-WendyWig,1,AMZ-PG-APP-TOO-SMALL,July
204088-HopperHawaiianShirt-XXL,1,AMZ-PG-APP-TOO-LARGE,July
fearandloathingcostumeset-L,1,CR-MISSED_ESTIMATED_DELIVERY,July
220074-PenguinChubSuit-Teen,1,DID_NOT_LIKE_FABRIC,July
DSTS26LGS-BuzzLightyearJuniotsTshirt-L,1,DID_NOT_LIKE_FABRIC,July
220744-AhoySailorCostume-MENS-XS,1,AMZ-PG-APP-TOO-LARGE,July
InflatableGiraffe-Adult,1,DID_NOT_LIKE_FABRIC,July
bigl012-XL,1,AMZ-PG-APP-TOO-SMALL,July
sharkcostume-teen,1,CR-QUALITY_UNACCEPTABLE,July
starwars164-XL,1,CR-QUALITY_UNACCEPTABLE,July
leagueoftheirowncostume-XXLdeluxe,1,AMZ-PG-APP-TOO-SMALL,July
insideoutjoywig,1,AMZ-PG-APP-TOO-LARGE,July
aerosmith002-S,1,AMZ-PG-BAD-DESC,July
220078-SharkChubSuitYellow-Adult,1,CR-MISSED_ESTIMATED_DELIVERY,July
220079-SharkChubSuitBlue-Adult,1,CR-MISSED_ESTIMATED_DELIVERY,July
220080-SharkChubSuitPink-Adult,1,CR-MISSED_ESTIMATED_DELIVERY,July
A9249-MarvelDress-XL,1,AMZ-PG-APP-TOO-SMALL,July
220743-FlintTropicsSHORTS-L/XL,1,CR-MISSED_ESTIMATED_DELIVERY,July
flinttropicssocks,1,CR-MISSED_ESTIMATED_DELIVERY,July
220744-AhoySailorCostume-MENS-STD,1,AMZ-PG-APP-TOO-LARGE,July
alsunny001green-XL,1,CR-SWITCHEROO,July
ApolloShorts-XL,1,CR-QUALITY_UNACCEPTABLE,July
ApolloShorts-L,1,CR-QUALITY_UNACCEPTABLE,July
starwars129-XXL,1,CR-ORDERED_WRONG_ITEM,July
mash001-XL,1,CR-UNWANTED_ITEM,July
RetroWigHeadband-1191,1,CR-MISSING_PARTS,July
tmntapriloneilcostume-L/XL,1,AMZ-PG-APP-TOO-SMALL,July
doubledare001red-XL,1,CR-UNWANTED_ITEM,July
doubledare001red-XXL,1,CR-UNWANTED_ITEM,July
leagueoftheirowncostume-L/XL,1,CR-UNWANTED_ITEM,July
220079-SharkChubSuitBlue-Adult,1,CR-MISSED_ESTIMATED_DELIVERY,July
220080-SharkChubSuitPink-Adult,1,CR-MISSED_ESTIMATED_DELIVERY,July
chubsuitcostume002-rylblue,1,CR-UNWANTED_ITEM,July
frankie002-XL,1,CR-UNWANTED_ITEM,July
100604-GoldFullRimAviatorReadingGlasses,1,CR-ORDERED_WRONG_ITEM,July
PowerRangers-Red-SLShirt-L,1,AMZ-PG-APP-TOO-LARGE,July
QueenofMusic-Armband,1,CR-DEFECTIVE,July
CelticRing-7.5,1,AMZ-PG-APP-TOO-SMALL,July
prettywomandress,1,AMZ-PG-APP-STYLE,July
redbriefcolors-L,1,CR-DEFECTIVE,July
breakingbad004gray-XL,1,AMZ-PG-APP-TOO-LARGE,July
204071-UncleRicoShirt-L,1,AMZ-PG-APP-TOO-SMALL,July
InflatableGiraffe-Teen,1,AMZ-PG-APP-TOO-SMALL,July
WB1620-HarleyQuinnCorset-S,1,AMZ-PG-APP-TOO-SMALL,July
WB1241-WB1249-HarleyQuinnCostumeSet-S,1,AMZ-PG-APP-TOO-SMALL,July
mermaidfin001BLACK-L/XL,1,CR-DEFECTIVE,July
madhatterpurse001,1,CR-UNWANTED_ITEM,July
TweetySleepSet-WB1785-69-S,1,CR-UNWANTED_ITEM,July
220078-SharkChubSuitYellow-Teen,1,DID_NOT_LIKE_FABRIC,July
flocostume001,1,CR-UNWANTED_ITEM,July
legendstempleblue-L,1,CR-UNWANTED_ITEM,July
220750-DayDeadFullCostume-XL,1,CR-UNWANTED_ITEM,July
metallica003-XXL,1,AMZ-PG-APP-TOO-LARGE,July
starwars089-L,1,AMZ-PG-APP-TOO-LARGE,July
great004-XXL,1,DID_NOT_LIKE_COLOR,July
powerrangerssweatshirtYellow-L,1,AMZ-PG-APP-TOO-LARGE,July
Custom-220710-FiremanChildCostume-14-16,1,AMZ-PG-BAD-DESC,July
220799-QuailMan-L,1,CR-MISSED_ESTIMATED_DELIVERY,July
LN0017-94-WuTangBoxer-L,1,CR-UNWANTED_ITEM,July
flinttropicssocks,1,CR-UNWANTED_ITEM,July
ghost022-L,1,AMZ-PG-APP-TOO-LARGE,July
220077-HotDogChubSuit-Teen,1,CR-QUALITY_UNACCEPTABLE,July
dodgeball005-XXL,1,AMZ-PG-APP-TOO-LARGE,July
220745-AhoySailorCostume-WOMENS-S/M,1,CR-UNWANTED_ITEM,July
100578BLACK-M,1,AMZ-PG-APP-TOO-SMALL,July
wmw001,1,AMZ-PG-BAD-DESC,July
220660pklxl,1,AMZ-PG-APP-TOO-LARGE,July
leagueoftheirowncostume-XXLdeluxe,1,CR-UNWANTED_ITEM,July
220745-AhoySailorCostume-WOMENS-XXL,1,AMZ-PG-APP-TOO-SMALL,July
220745-AhoySailorCostume-WOMENS-L/XL,1,AMZ-PG-BAD-DESC,July
220832-BingoOnesie-7/8,1,AMZ-PG-BAD-DESC,July
A9249-MarvelDress-S,1,CR-UNWANTED_ITEM,July
220745-AhoySailorCostume-WOMENS-L/XL,1,CR-UNWANTED_ITEM,July
100578BLACK-M,1,AMZ-PG-APP-STYLE,July
revengenerds002-L,1,AMZ-PG-APP-TOO-LARGE,July
mash003-XL,1,AMZ-PG-APP-STYLE,July
mash003-XL,1,AMZ-PG-BAD-DESC,July
220745-AhoySailorCostume-WOMENS-S/M,1,AMZ-PG-BAD-DESC,July
PowerRangers-White-SLShirt-2XL,1,CR-FOUND_BETTER_PRICE,July
204088-HopperHawaiianShirt-S,1,AMZ-PG-APP-TOO-SMALL,July
suicidesquadtattoos,1,CR-MISSED_ESTIMATED_DELIVERY,July
sein023-XL,1,AMZ-PG-APP-TOO-SMALL,July
StarWarsFinnJacket-S,1,AMZ-PG-APP-TOO-LARGE,July
rockyshorts-L,1,CR-UNWANTED_ITEM,July
BuzzLightYearLongSleeveAdultShirt-XL,1,CR-UNWANTED_ITEM,July
220785-DumbDumber-ORNG-S,1,CR-ORDERED_WRONG_ITEM,July
100578BLACK-XL,1,AMZ-PG-APP-TOO-LARGE,July
hulk001N-4XL,1,CR-MISSED_ESTIMATED_DELIVERY,July
leagueoftheirownMENS-S/M,1,CR-UNWANTED_ITEM,July
220744-AhoySailorCostume-MENS-STD,1,AMZ-PG-APP-TOO-LARGE,July
batmanswim005-M,1,AMZ-PG-APP-TOO-LARGE,July
204087-ChotchkiesCostumeSet-S,1,DID_NOT_LIKE_FABRIC,July
220744-AhoySailorCostume-MENS-PLUS,1,AMZ-PG-APP-TOO-LARGE,July
dresshat001HAT2-Blue,1,AMZ-PG-APP-TOO-SMALL,July
thewarrior001-S-M,1,AMZ-PG-BAD-DESC,July
leagueoftheirowncostume-L/XL,1,CR-UNWANTED_ITEM,July
pedrosanchez-Kit,1,AMZ-PG-BAD-DESC,July
suitpajamas001black-M,1,AMZ-PG-APP-TOO-SMALL,July
CowgirlShirt-204051-XS,1,CR-MISSED_ESTIMATED_DELIVERY,July
frozenbag002,1,DID_NOT_LIKE_COLOR,July
offspace008-XL,1,CR-UNWANTED_ITEM,July
avatar001-L,1,AMZ-PG-APP-TOO-SMALL,July
avatar002-L,1,AMZ-PG-APP-TOO-SMALL,July
btlc004-XL,1,DID_NOT_LIKE_COLOR,July
WB1658-WB1659-WonderWomanCostumeSet1-XL,1,CR-ORDERED_WRONG_ITEM,July
220079-SharkChubSuitBlue-Adult,1,AMZ-PG-BAD-DESC,July
CheeseburgerBackPack,1,CR-DEFECTIVE,July
220752-RockfordPeachesMENS-2XL,1,AMZ-PG-APP-TOO-LARGE,July
220752-RockfordPeachesMENS-2XL,1,AMZ-PG-APP-TOO-LARGE,July
sanford064-XXXL,1,AMZ-PG-APP-TOO-LARGE,July
stepbros011-XL,1,AMZ-PG-APP-TOO-SMALL,July
220745-AhoySailorCostume-WOMENS-L/XL,1,CR-MISSED_ESTIMATED_DELIVERY,July
flappybird001-XL,1,AMZ-PG-APP-TOO-LARGE,July
dresshat001HAT2-Grey,1,DID_NOT_LIKE_FABRIC,July
richardsimmons001-XXL,1,AMZ-PG-APP-STYLE,July
suicidesquad003-L,1,AMZ-PG-APP-TOO-SMALL,July
superherocape002ADULTblk-blk,1,AMZ-PG-APP-TOO-SMALL,July
starwars129-XL,1,CR-DEFECTIVE,July
ghost022-M,1,CR-UNWANTED_ITEM,July
ghost022-L,1,CR-UNWANTED_ITEM,July
mm003JRSgreen-M,1,CR-MISSED_ESTIMATED_DELIVERY,July
btlc004-L,1,CR-UNWANTED_ITEM,July
starwars129-M,1,CR-ORDERED_WRONG_ITEM,July
220799-QuailMan-L,1,CR-MISSED_ESTIMATED_DELIVERY,July
amywinehousewig,1,AMZ-PG-BAD-DESC,July
christmasvaca011-M,1,DID_NOT_LIKE_FABRIC,July
starwars129-L,1,CR-UNWANTED_ITEM,July
100576BROWN-L,1,CR-DEFECTIVE,July
waldocostumeDELUXE-XXL,1,AMZ-PG-BAD-DESC,July
ElvisGlasses001-Gold,1,CR-QUALITY_UNACCEPTABLE,July
SquidGameSuit-GREEN-240-XL,1,CR-SWITCHEROO,July
SquidGameSuit-GREEN-001-L,1,CR-SWITCHEROO,July
220745-AhoySailorCostume-WOMENS-S/M,1,CR-DEFECTIVE,July
220744-AhoySailorCostume-MENS-XS,1,AMZ-PG-APP-TOO-SMALL,July
220744-AhoySailorCostume-MENS-STD,1,CR-DEFECTIVE,July
220745-AhoySailorCostume-WOMENS-S/M,1,CR-DEFECTIVE,July
220744-AhoySailorCostume-MENS-STD,1,AMZ-PG-APP-TOO-LARGE,July
220850-ChuckieCostume-3-4T,1,AMZ-PG-BAD-DESC,July
220786-LT-DumbDumber-BLUE-L,1,CR-MISSED_ESTIMATED_DELIVERY,July
ferris010-L,1,CR-UNWANTED_ITEM,July
semiprocostumePLUS,1,CR-UNWANTED_ITEM,July
220745-AhoySailorCostume-WOMENS-L/XL,1,CR-DAMAGED_BY_FC,July
100578BLACK-L,1,AMZ-PG-APP-TOO-LARGE,July
220745-AhoySailorCostume-WOMENS-S/M,1,CR-MISSED_ESTIMATED_DELIVERY,July
felix001jr-M,1,AMZ-PG-APP-TOO-SMALL,July
richardsimmons001-S-M,1,CR-MISSED_ESTIMATED_DELIVERY,July
220745-AhoySailorCostume-WOMENS-L/XL,1,CR-DAMAGED_BY_FC,July
ApolloShorts-M,1,AMZ-PG-APP-TOO-SMALL,July
220077-HotDogChubSuit-Teen,1,AMZ-PG-APP-TOO-SMALL,July
wwe060purple-S,1,AMZ-PG-APP-TOO-SMALL,July
chubsuitcostume001Teen-Green,2,CR-UNWANTED_ITEM,July
incredhulk006-L,1,CR-UNWANTED_ITEM,July
A9249-MarvelDress-XL,1,AMZ-PG-APP-TOO-SMALL,July
20282-L-XL,1,CR-UNWANTED_ITEM,July
monstersinc003-S,1,AMZ-PG-APP-TOO-SMALL,July
Ghostbusters-GBXX1A-XXL,1,CR-UNWANTED_ITEM,July
dodgeball003-XS,1,CR-ORDERED_WRONG_ITEM,July
dodgeball003-M,1,CR-ORDERED_WRONG_ITEM,July
dodgeball003-L,2,CR-ORDERED_WRONG_ITEM,July
dodgeball003-XXL,3,CR-ORDERED_WRONG_ITEM,July
bigl032-XXL,1,AMZ-PG-APP-TOO-LARGE,July
220744-AhoySailorCostume-MENS-XS,1,AMZ-PG-APP-TOO-LARGE,July
100576BLACK-M,1,AMZ-PG-APP-TOO-SMALL,July
btlccostumeset-M,1,CR-UNWANTED_ITEM,July
220077-HotDogChubSuit-Adult,2,CR-MISSED_ESTIMATED_DELIVERY,July
BBLouiseGreenDress-M,1,AMZ-PG-BAD-DESC,July
arrestedbobblehead002,1,CR-DAMAGED_BY_CARRIER,July
soahat005-S/M,1,AMZ-PG-APP-TOO-SMALL,July
ferris010-L,1,CR-UNWANTED_ITEM,July
boratthong,1,AMZ-PG-APP-STYLE,July
chubsuitcostume001Teen-Blue,1,CR-DEFECTIVE,July
220744-AhoySailorCostume-MENS-STD,1,CR-MISSED_ESTIMATED_DELIVERY,July
trueblood009j-XL,1,AMZ-PG-APP-TOO-SMALL,July
siliconvalley005-M,1,AMZ-PG-APP-TOO-SMALL,July
Dodgeball003-M,1,CR-UNWANTED_ITEM,July
amywinehousewig,1,CR-UNWANTED_ITEM,July
JohnnyBravoWig,1,CR-MISSED_ESTIMATED_DELIVERY,July
hulk001N-4XL,1,AMZ-PG-APP-TOO-SMALL,July
HufflepuffRobe-HP0286-XS,1,AMZ-PG-APP-TOO-LARGE,July
RavenclawRobe-HP0285-XS,1,AMZ-PG-APP-TOO-LARGE,July
220744-AhoySailorCostume-MENS-STD,1,CR-MISSED_ESTIMATED_DELIVERY,July
ferris010-S,1,CR-UNWANTED_ITEM,July
hotrodcostumeset-XL,1,CR-UNWANTED_ITEM,July
coketankdress-L,1,AMZ-PG-APP-TOO-SMALL,July
ChristmasOrnaments-HumpingReindeer-10078,1,CR-DAMAGED_BY_FC,July
220744-AhoySailorCostume-MENS-STD,1,AMZ-PG-APP-TOO-LARGE,July
220745-AhoySailorCostume-WOMENS-S/M,1,CR-UNWANTED_ITEM,July
thewarrior001-XXL,1,CR-DEFECTIVE,July
SHero-30x40fleece-Spider,1,CR-UNAUTHORIZED_PURCHASE,July
btlc004-S,1,AMZ-PG-APP-TOO-SMALL,July
220744-AhoySailorCostume-MENS-XS,1,CR-UNWANTED_ITEM,July
220745-AhoySailorCostume-WOMENS-L/XL,1,CR-FOUND_BETTER_PRICE,July
HJCO2021-HootersCostumeSet-XXL,1,CR-UNWANTED_ITEM,July
legendstemplepurp-XXL,1,AMZ-PG-APP-TOO-LARGE,July
legendstemplepurp-XL,1,CR-UNWANTED_ITEM,July
customshirtCream-XL,1,CR-SWITCHEROO,July
scarfacecostume001-XXXL,1,AMZ-PG-APP-TOO-SMALL,July
100576BLACK-M,1,AMZ-PG-APP-TOO-SMALL,July
220744-AhoySailorCostume-MENS-STD,1,AMZ-PG-APP-TOO-SMALL,July
customslides1-8-grey,2,DID_NOT_LIKE_FABRIC,July
204088-HopperHawaiianShirt-3XL,1,CR-MISSED_ESTIMATED_DELIVERY,July
220660pklxl,1,AMZ-PG-APP-TOO-SMALL,July
100576BLACK-M,1,AMZ-PG-APP-TOO-SMALL,July
220745-AhoySailorCostume-WOMENS-XXL,1,AMZ-PG-APP-TOO-SMALL,July
QueenofMusic-Armband,1,CR-FOUND_BETTER_PRICE,July
tmntapriloneilcostume-L/XL,1,AMZ-PG-APP-TOO-SMALL,July
100578BLACK-M,1,CR-UNWANTED_ITEM,July
KRSM2011-KrampusSweater-L,1,AMZ-PG-APP-TOO-SMALL,July
wmw001,1,AMZ-PG-BAD-DESC,July
stepbros010-XL,1,AMZ-PG-APP-TOO-LARGE,July
ApolloShorts-L,1,AMZ-PG-APP-STYLE,July
stepbros010-S,1,AMZ-PG-APP-TOO-SMALL,July
NSPH3266-NarutoPajamas,1,CR-ORDERED_WRONG_ITEM,July
220077-HotDogChubSuit-Teen,1,AMZ-PG-APP-STYLE,July
WB1658-WB1659-WonderWomanCostumeSet-XXL,1,CR-UNWANTED_ITEM,July
220660pklxl,1,AMZ-PG-APP-TOO-LARGE,July
tmntapriloneilcostume-L/XL,1,AMZ-PG-APP-TOO-SMALL,July
boratthong,1,AMZ-PG-APP-TOO-LARGE,July
bigldudecostume001-XXL,1,AMZ-PG-APP-TOO-LARGE,July
100578BLACK-L,1,AMZ-PG-APP-TOO-LARGE,July
leagueoftheirowncostume-L/XL,1,CR-DEFECTIVE,July
hangoverglasses,1,CR-UNWANTED_ITEM,July
220077-HotDogChubSuit-Teen,1,CR-DEFECTIVE,July
204088-HopperHawaiianShirt-XXL,1,AMZ-PG-APP-TOO-LARGE,July
220745-AhoySailorCostume-WOMENS-L/XL,1,CR-UNWANTED_ITEM,July
220744-AhoySailorCostume-MENS-PLUS,1,AMZ-PG-APP-TOO-LARGE,July
220745-AhoySailorCostume-WOMENS-S/M,1,CR-UNWANTED_ITEM,July
amywinehousewig,1,CR-DEFECTIVE,July
hulkhogancostumesetYELsunYELban-L,1,CR-QUALITY_UNACCEPTABLE,July
CustomSublimationCape-Black,1,CR-DEFECTIVE,July
InflatableShark-Teen,1,CR-UNWANTED_ITEM,July
ricflare001-black,1,CR-QUALITY_UNACCEPTABLE,July
QueenofMusic-Armband,1,CR-UNWANTED_ITEM,July
220781-MeanGirlsSantaCostume-2XL,1,CR-UNWANTED_ITEM,July
220757-AverageJoesWomensSet-L,1,CR-UNWANTED_ITEM,July
incredhulk006-XL,1,AMZ-PG-APP-TOO-LARGE,July
SquidGameSuit-GREEN-456-L,1,CR-ORDERED_WRONG_ITEM,July
ghost017-XL,1,AMZ-PG-APP-TOO-SMALL,July
ghost016-L,1,AMZ-PG-APP-TOO-SMALL,July
ferris008green-XXL,1,AMZ-PG-APP-TOO-LARGE,July
1173-CarlosWig,1,CR-UNWANTED_ITEM,July
sriracha004-M,1,AMZ-PG-APP-TOO-SMALL,July
starwars088-M,1,AMZ-PG-APP-TOO-SMALL,July
starwars088-M,1,AMZ-PG-APP-TOO-SMALL,July
220786-LT-DumbDumber-BLUE-M,1,AMZ-PG-BAD-DESC,July
220744-AhoySailorCostume-MENS-STD,1,AMZ-PG-APP-TOO-LARGE,July
sriracha004-M,1,AMZ-PG-APP-TOO-SMALL,July
marvel050-S,1,AMZ-PG-APP-TOO-SMALL,July
marvel050-XS,1,AMZ-PG-APP-TOO-SMALL,July
ninjanogginmask-green,1,AMZ-PG-APP-TOO-SMALL,July
100578BLACK-M,1,AMZ-PG-APP-TOO-LARGE,July
rockyshorts-XL,1,AMZ-PG-APP-STYLE,July
220797-CaddyJumpsuit-M,1,CR-SWITCHEROO,July
220073-GorillaChubSuit-Adult,1,CR-UNWANTED_ITEM,July
boratthong,1,AMZ-PG-APP-TOO-LARGE,July
topgun014-S,1,AMZ-PG-APP-TOO-SMALL,July
oktoberfestlederhosenSHORTS-44,1,AMZ-PG-APP-TOO-LARGE,July
leagueoftheirowncostume-L/XL,1,CR-DEFECTIVE,July
220797-CaddyJumpsuit-M,1,CR-DEFECTIVE,July
220745-AhoySailorCostume-WOMENS-S/M,1,CR-DEFECTIVE,July
alanbabycarriercostumeDELUXE-XL,1,CR-MISSED_ESTIMATED_DELIVERY,July
dodgeball003-XXL,1,CR-MISSED_ESTIMATED_DELIVERY,July
dodgeball003-L,1,CR-MISSED_ESTIMATED_DELIVERY,July
spacedogwig001,1,DID_NOT_LIKE_COLOR,July
bigbang006blue-M,1,AMZ-PG-APP-TOO-LARGE,July
prettywomandress,1,AMZ-PG-APP-TOO-SMALL,July
americanflag001-S,1,AMZ-PG-APP-TOO-SMALL,July
supergirltankdress-XL,1,DID_NOT_LIKE_FABRIC,July
ApolloShorts-XL,1,CR-UNWANTED_ITEM,July
rockyshorts-XL,1,CR-UNWANTED_ITEM,July
846523-WonderlandBoyshorts,1,AMZ-PG-APP-TOO-LARGE,July
powerrangers017red-S,1,AMZ-PG-APP-TOO-SMALL,July
SNL011-S,1,DID_NOT_LIKE_FABRIC,July
oktoberfestlederhosenPANTS1-38,1,CR-UNWANTED_ITEM,July
ImperialOfficerCap-ECSW2060TV-Olive,1,AMZ-PG-APP-TOO-SMALL,July
sonsofanarchy037-L,1,AMZ-PG-APP-TOO-SMALL,July
madhatterpurse001,1,CR-UNWANTED_ITEM,July
hoosiers003-M,1,AMZ-PG-APP-TOO-SMALL,July
UFSM2083TV-PULPFICTION-XL,1,AMZ-PG-APP-TOO-LARGE,July
simp023-XL,1,AMZ-PG-BAD-DESC,July
ateam001-L,1,CR-UNWANTED_ITEM,July
1188-KingTrollWigKit,1,AMZ-PG-APP-TOO-LARGE,July
hulk001ym,1,AMZ-PG-APP-TOO-LARGE,July
bigdudewig001,1,CR-UNWANTED_ITEM,July
christmasvaca004-L,1,AMZ-PG-APP-TOO-LARGE,July
GDSA2851TV-GratDeadPants-2XL,1,CR-MISSED_ESTIMATED_DELIVERY,July
tmnt047tankdressRaph-S,1,CR-SWITCHEROO,July
tmnt047tankdressRaph-M,1,CR-MISSED_ESTIMATED_DELIVERY,July
tmnt047tankdressDon-S,1,AMZ-PG-APP-TOO-LARGE,July
tmnt047tankdressLeo-M,1,CR-UNWANTED_ITEM,July
hoosiers003-M,1,AMZ-PG-APP-TOO-SMALL,July
semiprocostumePLUS,1,AMZ-PG-APP-TOO-LARGE,July
100576BLACK-L,1,AMZ-PG-APP-STYLE,July
coketankdress-3XL,1,AMZ-PG-APP-TOO-SMALL,July
starwars022-L,1,AMZ-PG-APP-TOO-LARGE,July
204088-HopperHawaiianShirt-L,1,AMZ-PG-APP-TOO-LARGE,July
germanshirtBLUE-S,1,AMZ-PG-APP-TOO-LARGE,July
usaboardshorts003-L,1,AMZ-PG-APP-TOO-SMALL,July
legendstemplepurp-XXL,1,AMZ-PG-APP-TOO-LARGE,July
sharkcostume-M-L,1,AMZ-PG-APP-TOO-LARGE,July
starskyhutch001-L,1,AMZ-PG-APP-TOO-LARGE,July
220745-AhoySailorCostume-WOMENS-XXL,1,AMZ-PG-APP-TOO-SMALL,July
WB1658-WB1659-WonderWomanCostumeSet1-XL,1,AMZ-PG-BAD-DESC,July
204088-HopperHawaiianShirt-3XL,1,AMZ-PG-APP-TOO-LARGE,July
220078-SharkChubSuitYellow-Adult,1,CR-MISSED_ESTIMATED_DELIVERY,July
220080-SharkChubSuitPink-Adult,1,CR-MISSED_ESTIMATED_DELIVERY,July
220785-DumbDumber-ORNG-L,1,AMZ-PG-BAD-DESC,July
hulkhogancostumesetYELsunYELban-L,4,CR-UNWANTED_ITEM,July
PowerRangers-Red-SLShirt-S,1,AMZ-PG-APP-TOO-LARGE,July
nwo001-XXL,1,AMZ-PG-APP-TOO-LARGE,July
A9249-MarvelDress-L,1,AMZ-PG-APP-TOO-SMALL,July
220660bksm,1,CR-UNWANTED_ITEM,July
rockyrobe2,1,AMZ-PG-APP-STYLE,July
220775-BigBoyOverall-RED-L/XL,1,AMZ-PG-APP-TOO-LARGE,July
adventuretime020-XL,1,CR-UNWANTED_ITEM,July
ferris010-XL,1,AMZ-PG-APP-TOO-LARGE,July
usaboardshorts003-L,1,AMZ-PG-APP-TOO-SMALL,July
220745-AhoySailorCostume-WOMENS-S/M,1,CR-UNWANTED_ITEM,July
100541-JungleCruiseHat,1,DID_NOT_LIKE_FABRIC,July
woodycostumeshirt-L-XL,1,CR-DEFECTIVE,July
woodycostumeshirt-L-XL,1,CR-UNWANTED_ITEM,July
monstersinc003-M,1,AMZ-PG-APP-TOO-LARGE,July
RastaWig-1207,1,CR-UNWANTED_ITEM,July
usaboardshorts003-S,1,CR-MISSED_ESTIMATED_DELIVERY,July
hulk001yred-M,1,AMZ-PG-APP-TOO-LARGE,July
pedro004-L,1,DID_NOT_LIKE_FABRIC,July
suitpajamas001black-M,1,DID_NOT_LIKE_FABRIC,July
220660pksm,1,AMZ-PG-APP-TOO-SMALL,July
teenwolfcostume1-L,1,AMZ-PG-APP-TOO-SMALL,July
domocostume,1,AMZ-PG-APP-TOO-LARGE,July
oktoberfestmaid001PURPLE-8,1,AMZ-PG-APP-TOO-SMALL,July
CustomSublimationCape-BlackWhite,1,DID_NOT_LIKE_FABRIC,July
220781-MeanGirlsSantaCostume-L,1,AMZ-PG-APP-TOO-LARGE,July
220781-MeanGirlsSantaCostume-XL,1,AMZ-PG-APP-TOO-LARGE,July
220752-RockfordPeachesMENS-2XL,1,AMZ-PG-APP-TOO-LARGE,July
ApolloShorts-M,1,AMZ-PG-APP-TOO-SMALL,July
JLSN217-TuneSquadDAFFY-S,1,CR-ORDERED_WRONG_ITEM,July
220074-PenguinChubSuit-Teen,1,AMZ-PG-BAD-DESC,July
220744-AhoySailorCostume-MENS-STD,1,AMZ-PG-APP-TOO-SMALL,July
220745-AhoySailorCostume-WOMENS-S/M,1,CR-DEFECTIVE,July
Hoff001-XL,1,AMZ-PG-APP-TOO-LARGE,July
204088-HopperHawaiianShirt-L,1,AMZ-PG-BAD-DESC,July
Juno001-M,1,CR-UNWANTED_ITEM,July
EMSQ6009TV-HarleyQuinnGloveSET,1,CR-UNWANTED_ITEM,July
220743-FlintTropicsSHORTS-L/XL,3,CR-UNWANTED_ITEM,July
powerrangerssweatshirtBlue-XXXL,1,CR-UNWANTED_ITEM,July
220744-AhoySailorCostume-MENS-PLUS,1,AMZ-PG-APP-TOO-LARGE,July
ElvisGlasses001-Gold,1,CR-UNWANTED_ITEM,July
breakingbad004navy-M,1,AMZ-PG-APP-TOO-SMALL,July
220744-AhoySailorCostume-MENS-STD,1,AMZ-PG-APP-TOO-LARGE,July
richardsimmons001-XXL,1,CR-MISSED_ESTIMATED_DELIVERY,July
NL029-ChristmasVacationPajamaSet-L,1,AMZ-PG-APP-TOO-SMALL,July
bvswwcostume-XL,1,CR-DEFECTIVE,July
mm003JRSgreen-M,1,AMZ-PG-APP-TOO-SMALL,July
27393-WolverineKitAd,1,AMZ-PG-APP-STYLE,July
1189-PrincessTrollWig,1,CR-UNWANTED_ITEM,July
sharkcostume-XXL,1,AMZ-PG-APP-TOO-LARGE,July
starwars088-S,1,CR-QUALITY_UNACCEPTABLE,July
breakingbad004navy-L,1,CR-QUALITY_UNACCEPTABLE,July
bigldudecostume001-XL,1,AMZ-PG-APP-TOO-LARGE,July
hulkhogancostumesetREDsunYELban-XL,1,AMZ-PG-APP-STYLE,July
amywinehousewig,1,CR-DEFECTIVE,July
Joes001-S,1,CR-MISSED_ESTIMATED_DELIVERY,July
220077-HotDogChubSuit-Teen,2,CR-UNWANTED_ITEM,July
220744-AhoySailorCostume-MENS-PLUS,1,DID_NOT_LIKE_FABRIC,July
220072-USAChubSuit-Adult,1,AMZ-PG-APP-TOO-SMALL,July
plumtree001-M,1,AMZ-PG-APP-TOO-SMALL,July
ferris010-S,1,CR-MISSED_ESTIMATED_DELIVERY,July
flinttropicssocks,2,CR-UNWANTED_ITEM,July
nerdstankdressPURPLE-L,1,AMZ-PG-APP-TOO-SMALL,July
nerdstankdressBLUE-XL,1,AMZ-PG-APP-TOO-SMALL,July
nerdstankdressPINK-XL,1,AMZ-PG-APP-TOO-SMALL,July
nerdstankdressFUCHSIA-XL,1,AMZ-PG-APP-TOO-SMALL,July
220079-SharkChubSuitBlue-Adult,1,CR-MISSED_ESTIMATED_DELIVERY,July
usaboardshorts003-XL,1,AMZ-PG-APP-TOO-SMALL,July
usasocks001,1,AMZ-PG-APP-TOO-LARGE,July
flinttropicssocks,1,CR-MISSED_ESTIMATED_DELIVERY,July
K4SA2128TV-CobraKaiPants-S,1,AMZ-PG-APP-TOO-LARGE,July
220078-SharkChubSuitYellow-Adult,1,CR-UNWANTED_ITEM,July
amywinehousewig,1,AMZ-PG-BAD-DESC,July
220074-PenguinChubSuit-Teen,1,AMZ-PG-APP-TOO-LARGE,July
machomanbandana-Pink,1,DID_NOT_LIKE_FABRIC,July
usa002-XL,2,AMZ-PG-APP-TOO-LARGE,July
DSTS26LGS-BuzzLightyearJuniotsTshirt-S,1,DID_NOT_LIKE_FABRIC,July
usaboardshorts003-L,1,AMZ-PG-APP-TOO-LARGE,July
usaboardshorts003-XL,1,DID_NOT_LIKE_FABRIC,July
hoosiers003-XL,1,DID_NOT_LIKE_FABRIC,July
220785-DumbDumber-ORNG-M,1,CR-SWITCHEROO,July
TSM20002TV-WoodyBelt-S,2,AMZ-PG-APP-TOO-SMALL,July
leagueoftheirowncostume-S/Mdeluxe,4,AMZ-PG-APP-TOO-SMALL,July
ghost016-M,1,CR-MISSED_ESTIMATED_DELIVERY,July
ghost016-L,1,CR-MISSED_ESTIMATED_DELIVERY,July
usasocks001,2,DID_NOT_LIKE_FABRIC,July
adventure002jr-XL,1,AMZ-PG-APP-TOO-SMALL,July
machomanbandana-Pink,1,DID_NOT_LIKE_FABRIC,July
220623-std1,2,CR-UNWANTED_ITEM,July
220080-SharkChubSuitPink-Adult,1,CR-DEFECTIVE,July
chubsuitcostume002-orange,1,CR-UNWANTED_ITEM,July
220832-BingoOnesie-5/6,1,AMZ-PG-BAD-DESC,July
rockyshorts-S,1,CR-MISSED_ESTIMATED_DELIVERY,July
BrennanVest-L,1,CR-UNWANTED_ITEM,July
BrennanVest-M,1,CR-UNWANTED_ITEM,July
MUMA05VMN-MaruchanNoodle-M,1,AMZ-PG-APP-TOO-SMALL,July
DaleVest-L,1,AMZ-PG-APP-TOO-LARGE,July
sein023-M,1,DID_NOT_LIKE_FABRIC,July
sein023-XL,1,DID_NOT_LIKE_FABRIC,July
sein023-L,2,DID_NOT_LIKE_FABRIC,July
mm001Norg-M,1,DID_NOT_LIKE_FABRIC,July
A9249-MarvelDress-XL,1,AMZ-PG-APP-TOO-SMALL,July
220757-AverageJoesWomensSet-M,1,CR-UNWANTED_ITEM,July
204088-HopperHawaiianShirt-M,1,AMZ-PG-APP-TOO-SMALL,July
220781-MeanGirlsSantaCostume-L,1,AMZ-PG-APP-TOO-LARGE,July
220781-MeanGirlsSantaCostume-XL,1,AMZ-PG-APP-TOO-SMALL,July
4U9ML-ERNIE-CostumeShirt-S,1,AMZ-PG-APP-TOO-LARGE,July
usa002-XXL,1,AMZ-PG-APP-TOO-SMALL,July
leagueoftheirowncostume-XXLdeluxe,1,AMZ-PG-APP-TOO-SMALL,July
220745-AhoySailorCostume-WOMENS-L/XL,1,CR-UNWANTED_ITEM,July
PowerRangers-Green-SLShirt-3XL,1,AMZ-PG-APP-TOO-SMALL,July
204088-HopperHawaiianShirt-XL,1,AMZ-PG-APP-TOO-SMALL,July
richardsimmons001-XXL,1,AMZ-PG-APP-TOO-SMALL,July
richardsimmons001-XXL,1,AMZ-PG-APP-TOO-SMALL,July
220074-PenguinChubSuit-Teen,1,AMZ-PG-APP-TOO-LARGE,July
220850-ChuckieCostume-12M,1,CR-UNWANTED_ITEM,July
hoosiers003-M,1,AMZ-PG-APP-TOO-SMALL,July
madhatterpurse001,1,CR-UNWANTED_ITEM,July
220744-AhoySailorCostume-MENS-PLUS,1,AMZ-PG-APP-STYLE,July
100576BLACK-L,1,AMZ-PG-APP-TOO-LARGE,July
ElvisGlasses001-Gold,1,AMZ-PG-APP-STYLE,July
beaviscostume-M,1,CR-QUALITY_UNACCEPTABLE,July
custom-KidsCape-IronMan,1,CR-QUALITY_UNACCEPTABLE,July
leagueoftheirowncostume-L/XL,1,AMZ-PG-BAD-DESC,July
bigl012-L,1,AMZ-PG-APP-TOO-LARGE,July
frankie002-XXL,1,CR-SWITCHEROO,July
100576BLACK-S,1,AMZ-PG-APP-TOO-SMALL,July
204088-HopperHawaiianShirt-L,1,AMZ-PG-APP-TOO-LARGE,July
10068387-BuzzPajamaSet-XL,1,AMZ-PG-APP-TOO-LARGE,July
10068387-BuzzPajamaSet-L,1,AMZ-PG-APP-TOO-LARGE,July
100584-SheriffBoots-6/7,1,CR-UNWANTED_ITEM,July
TSM20002TV-WoodyBelt-S,1,AMZ-PG-APP-TOO-SMALL,July
woodycostumeshirt-S-M,1,AMZ-PG-APP-STYLE,July
220681-CarryMeChubSuit-STD,1,CR-UNWANTED_ITEM,July
220621-youth,1,AMZ-PG-APP-STYLE,July
220744-AhoySailorCostume-MENS-STD,1,AMZ-PG-APP-TOO-LARGE,July
NasaBoots-PLZZ7270TV-10-11,1,CR-UNWANTED_ITEM,July
PowerRangers-Blue-SLShirt-M,1,CR-UNWANTED_ITEM,July
runningshorts001GOLD-S-M,1,AMZ-PG-APP-TOO-SMALL,July
runningshorts001GOLD-L-XL,1,AMZ-PG-APP-TOO-LARGE,July
ApolloShorts-L,1,AMZ-PG-APP-TOO-SMALL,July
btlc004-S,1,AMZ-PG-APP-TOO-SMALL,July
