SKU,Quantity,Reason,Month,Year
220762-RoddyPiperKiltBelt-L/XL,1,CR-MISSED_ESTIMATED_DELIVERY,June,2022
204089-ModernLife-XL,1,AMZ-PG-APP-TOO-SMALL,June,2022
20282-XXL,1,AMZ-PG-APP-TOO-SMALL,June,2022
starwars129-XXL,1,AMZ-PG-BAD-DESC,June,2022
topgun025-L,1,AMZ-PG-APP-TOO-SMALL,June,2022
machomanbandana-Pink,1,DID_NOT_LIKE_FABRIC,June,2022
220743-FlintTropicsSHORTS-L/XL,1,CR-UNWANTED_ITEM,June,2022
flinttropicssocks,1,CR-UNWANTED_ITEM,June,2022
100576BLACK-M,1,AMZ-PG-APP-TOO-SMALL,June,2022
boratthong,1,AMZ-PG-APP-TOO-LARGE,June,2022
GunsnRoses-12162218-XL,1,AMZ-PG-APP-TOO-LARGE,June,2022
aerosmith002-M,1,CR-MISSED_ESTIMATED_DELIVERY,June,2022
chubsuitcostume002-rylblue,1,CR-UNWANTED_ITEM,June,2022
220079-SharkChubSuitBlue-Adult,1,AMZ-PG-BAD-DESC,June,2022
stepbros010-XL,1,AMZ-PG-APP-TOO-LARGE,June,2022
CousinEddieWhiteRobe-220703,1,CR-UNWANTED_ITEM,June,2022
hulk003-L,1,CR-UNWANTED_ITEM,June,2022
hulkpants001-XL,1,AMZ-PG-APP-TOO-LARGE,June,2022
chubsuitcostume002-orange,1,CR-MISSING_PARTS,June,2022
220832-BingoOnesie-7/8,1,CR-ORDERED_WRONG_ITEM,June,2022
204088-HopperHawaiianShirt-S,1,CR-UNWANTED_ITEM,June,2022
Office010-L,1,DID_NOT_LIKE_FABRIC,June,2022
hulk001yl,1,AMZ-PG-APP-TOO-LARGE,June,2022
Futurama003-M,1,AMZ-PG-BAD-DESC,June,2022
220078-SharkChubSuitYellow-Adult,1,CR-MISSING_PARTS,June,2022
Peanuts001-L,1,DID_NOT_LIKE_COLOR,June,2022
albundy002-4X,1,AMZ-PG-APP-TOO-LARGE,June,2022
220743-FlintTropicsSHORTS-L/XL,1,CR-UNWANTED_ITEM,June,2022
220743-FlintTropicsSHORTS-L/XL,1,CR-UNWANTED_ITEM,June,2022
pedro004-S,1,CR-SWITCHEROO,June,2022
BoxingRobe-Blue,1,AMZ-PG-APP-STYLE,June,2022
metallica003-XXL,1,DID_NOT_LIKE_FABRIC,June,2022
officedundie,1,CR-MISSING_PARTS,June,2022
heavyweights001TANK-M,1,AMZ-PG-APP-STYLE,June,2022
CowgirlShirt-204051-XXL,1,AMZ-PG-APP-TOO-SMALL,June,2022
HJCO2021-HootersCostumeSet-XXL,1,AMZ-PG-APP-TOO-SMALL,June,2022
rockyshorts-XL,1,AMZ-PG-APP-STYLE,June,2022
frankie002-M,1,AMZ-PG-APP-TOO-SMALL,June,2022
stepbros010-XXL,1,DID_NOT_LIKE_FABRIC,June,2022
blowupguitar,1,CR-DEFECTIVE,June,2022
aerosmith002-S,1,AMZ-PG-APP-TOO-SMALL,June,2022
hotrodcostumeset-S,1,AMZ-PG-APP-TOO-LARGE,June,2022
PowerRangers-Red-SLShirt-M,1,AMZ-PG-APP-TOO-LARGE,June,2022
powerrangers018pink-18/24,1,AMZ-PG-APP-TOO-SMALL,June,2022
powerrangersset001red-XXL,1,AMZ-PG-APP-TOO-SMALL,June,2022
M&M-Blue-JUNIORS-Shirt-L,1,AMZ-PG-APP-TOO-SMALL,June,2022
M&M-Blue-JUNIORS-Shirt-M,1,AMZ-PG-APP-TOO-SMALL,June,2022
M&M-Green-JUNIORS-Shirt-M,1,AMZ-PG-APP-TOO-SMALL,June,2022
M&M-Green-JUNIORS-Shirt-S,1,CR-SWITCHEROO,June,2022
ElvisGlasses001-Gold,1,AMZ-PG-APP-STYLE,June,2022
boratthong,1,AMZ-PG-APP-TOO-LARGE,June,2022
feltmasks-Red,1,CR-QUALITY_UNACCEPTABLE,June,2022
BrownDreadlocks-1230,1,CR-DEFECTIVE,June,2022
220744-AhoySailorCostume-MENS-STD,1,AMZ-PG-APP-TOO-SMALL,June,2022
stepbros010-XL,1,AMZ-PG-APP-TOO-LARGE,June,2022
incredhulk013-4XL,1,AMZ-PG-APP-TOO-LARGE,June,2022
220745-AhoySailorCostume-WOMENS-L/XL,1,CR-UNWANTED_ITEM,June,2022
PowerRangers-Blue-SLShirt-L,1,AMZ-PG-APP-TOO-LARGE,June,2022
flinttropicssocks,1,CR-UNWANTED_ITEM,June,2022
SquidGameSuit-GREEN-218-M,1,CR-DEFECTIVE,June,2022
DodgeballCobrasCostumeSet-3XL,1,CR-UNWANTED_ITEM,June,2022
machomanbandana-Pink,1,DID_NOT_LIKE_FABRIC,June,2022
bigl012-3X,1,AMZ-PG-APP-TOO-SMALL,June,2022
CustomFaceMaks2,1,CR-SWITCHEROO,June,2022
220745-AhoySailorCostume-WOMENS-S/M,1,CR-UNWANTED_ITEM,June,2022
220696-WOMENS-MimeCostumeSet-M,1,CR-UNWANTED_ITEM,June,2022
ElvisGlasses001-Silver,1,CR-QUALITY_UNACCEPTABLE,June,2022
wrestlingboots-MBlu,1,CR-MISSED_ESTIMATED_DELIVERY,June,2022
germanshirtRED-XXXL,1,AMZ-PG-APP-TOO-LARGE,June,2022
chubsuitcostume001-Green,1,AMZ-PG-APP-TOO-SMALL,June,2022
ninjacotumeBLACK-XS,1,AMZ-PG-BAD-DESC,June,2022
QueenofMusic-Armband,1,CR-FOUND_BETTER_PRICE,June,2022
disney008-M,1,CR-QUALITY_UNACCEPTABLE,June,2022
ferris010-M,1,AMZ-PG-BAD-DESC,June,2022
Futurama003-L,1,AMZ-PG-APP-TOO-SMALL,June,2022
customshirtBlack-3XL,1,CR-QUALITY_UNACCEPTABLE,June,2022
leagueoftheirowncostume-XXLdeluxe,1,CR-UNWANTED_ITEM,June,2022
BoxingRobe-Black,1,DID_NOT_LIKE_FABRIC,June,2022
DSTS26LGS-BuzzLightyearJuniotsTshirt-XS,1,AMZ-PG-APP-TOO-SMALL,June,2022
InflatableGiraffe-Adult,1,DID_NOT_LIKE_COLOR,June,2022
220080-SharkChubSuitPink-Adult,1,CR-UNWANTED_ITEM,June,2022
hulk003redN-XL,1,AMZ-PG-BAD-DESC,June,2022
rubiks002-XXL,1,CR-QUALITY_UNACCEPTABLE,June,2022
startrekunionBLUE-M,1,AMZ-PG-APP-TOO-LARGE,June,2022
220080-SharkChubSuitPink-Adult,1,CR-DEFECTIVE,June,2022
220079-SharkChubSuitBlue-Adult,1,CR-DEFECTIVE,June,2022
oktoberfestmaid001GREY-22,1,CR-UNWANTED_ITEM,June,2022
204070-Detective&BlueShirt-XXL,1,CR-DAMAGED_BY_FC,June,2022
220785-DumbDumber-ORNG-L,1,CR-ORDERED_WRONG_ITEM,June,2022
ateam001-M,1,AMZ-PG-APP-TOO-LARGE,June,2022
slothcostumeset001-L,1,CR-MISSED_ESTIMATED_DELIVERY,June,2022
alanbabycarriercostumeDELUXE-XL,1,CR-UNWANTED_ITEM,June,2022
204088-HopperHawaiianShirt-3XL,1,AMZ-PG-APP-TOO-SMALL,June,2022
bigl012-XXL,1,AMZ-PG-APP-STYLE,June,2022
220759-BLUE-DetectiveBLUEShirt1-XL,1,CR-UNWANTED_ITEM,June,2022
btlc004-XL,1,CR-UNWANTED_ITEM,June,2022
tmntapriloneilcostume-L/XL,1,AMZ-PG-APP-TOO-SMALL,June,2022
powerrangers002-L,1,CR-SWITCHEROO,June,2022
PowerRangers-White-SLShirt-L,1,AMZ-PG-APP-TOO-LARGE,June,2022
tmntonesieORANGE-24M,1,CR-DEFECTIVE,June,2022
bigl012-XL,1,AMZ-PG-APP-TOO-LARGE,June,2022
breakingbad004navy-XL,1,CR-UNWANTED_ITEM,June,2022
drwho057-L,1,AMZ-PG-APP-TOO-SMALL,June,2022
waldocostumeDELUXE-BOYS-XS,1,AMZ-PG-BAD-DESC,June,2022
fearloathingglasses,1,AMZ-PG-APP-STYLE,June,2022
amywinehouseset1,1,CR-UNWANTED_ITEM,June,2022
220078-SharkChubSuitYellow-Adult,1,CR-DEFECTIVE,June,2022
sein023-XXL,1,AMZ-PG-APP-TOO-SMALL,June,2022
fearandloathingcostumeset-S,1,AMZ-PG-APP-TOO-LARGE,June,2022
220752-RockfordPeachesMENS-S/M,1,AMZ-PG-APP-TOO-LARGE,June,2022
hulk003redN-S,1,AMZ-PG-BAD-DESC,June,2022
dodgeball003-L,1,CR-UNWANTED_ITEM,June,2022
220079-SharkChubSuitBlue-Adult,1,CR-UNWANTED_ITEM,June,2022
SquidGameSuit-GREEN-001-M,1,CR-UNWANTED_ITEM,June,2022
starwars089-S,1,AMZ-PG-APP-TOO-SMALL,June,2022
KG0004-FruitLoopsLoungePants-M,1,AMZ-PG-APP-TOO-SMALL,June,2022
bigl012-XXL,1,AMZ-PG-APP-TOO-SMALL,June,2022
bigl012-XL,1,AMZ-PG-APP-STYLE,June,2022
MUMA05VMN-MaruchanNoodle-M,1,AMZ-PG-APP-TOO-LARGE,June,2022
BoxingRobe-Black,1,AMZ-PG-APP-TOO-SMALL,June,2022
nap027-M,1,CR-UNWANTED_ITEM,June,2022
leagueoftheirowncostume-L/XL,1,AMZ-PG-BAD-DESC,June,2022
TSM20002TV-WoodyBelt-M,1,AMZ-PG-APP-TOO-SMALL,June,2022
feltmasks-Red,1,CR-UNWANTED_ITEM,June,2022
mypony055purplejrs-L,1,AMZ-PG-APP-TOO-SMALL,June,2022
drwho057-L,1,AMZ-PG-APP-TOO-SMALL,June,2022
20282-XXL,1,AMZ-PG-APP-TOO-LARGE,June,2022
20282-L-XL,1,CR-UNWANTED_ITEM,June,2022
flinttropicssocks,1,CR-UNWANTED_ITEM,June,2022
220743-FlintTropicsSHORTS-L/XL,1,CR-UNWANTED_ITEM,June,2022
RickMortyPicklePants-RM0242-52-3XL,1,AMZ-PG-APP-TOO-LARGE,June,2022
caddy010-L,1,AMZ-PG-APP-TOO-LARGE,June,2022
220785-DumbDumber-ORNG-XL,1,CR-FOUND_BETTER_PRICE,June,2022
sonsofanarchy037-S,1,AMZ-PG-APP-TOO-LARGE,June,2022
flocostume001,1,CR-UNWANTED_ITEM,June,2022
20282-L-XL,1,AMZ-PG-BAD-DESC,June,2022
hulk007N-12,1,CR-UNWANTED_ITEM,June,2022
204088-HopperHawaiianShirt-M,1,AMZ-PG-APP-TOO-LARGE,June,2022
204088-HopperHawaiianShirt-M,1,AMZ-PG-APP-TOO-SMALL,June,2022
220627-youth1,1,CR-ORDERED_WRONG_ITEM,June,2022
suicidesquad004-XL,1,AMZ-PG-BAD-DESC,June,2022
WB1241-WB1249-HarleyQuinnCostumeSet-S,1,AMZ-PG-APP-TOO-SMALL,June,2022
usaboardshorts003-XL,1,AMZ-PG-APP-TOO-LARGE,June,2022
semiprocostumePLUS,1,CR-UNWANTED_ITEM,June,2022
DSTS26LGS-BuzzLightyearJuniotsTshirt-S,1,CR-UNWANTED_ITEM,June,2022
usarunningshorts-S-M,1,CR-DEFECTIVE,June,2022
220697-MENS-MimeCostumeSet-S,1,CR-UNWANTED_ITEM,June,2022
starwars095-L,1,DID_NOT_LIKE_FABRIC,June,2022
bigl032-XXL,1,AMZ-PG-APP-TOO-LARGE,June,2022
amywinehousewig,1,CR-DEFECTIVE,June,2022
Custom-MousePad-Square,1,CR-ORDERED_WRONG_ITEM,June,2022
Peanuts001-XL,1,CR-UNWANTED_ITEM,June,2022
btlc004-L,1,AMZ-PG-APP-TOO-LARGE,June,2022
topgun025-XL,1,AMZ-PG-APP-TOO-LARGE,June,2022
220078-SharkChubSuitYellow-Adult,1,CR-UNWANTED_ITEM,June,2022
ApolloShorts-S,1,CR-UNWANTED_ITEM,June,2022
204088-HopperHawaiianShirt-M,1,AMZ-PG-APP-TOO-LARGE,June,2022
100584-SheriffBoots-10/11,1,AMZ-PG-APP-TOO-SMALL,June,2022
rockyrobe2,1,DID_NOT_LIKE_FABRIC,June,2022
204088-HopperHawaiianShirt-XXL,1,AMZ-PG-APP-TOO-LARGE,June,2022
hulk003-L,1,AMZ-PG-BAD-DESC,June,2022
hulk003-L,1,AMZ-PG-BAD-DESC,June,2022
bigldudecostume001-XL,1,AMZ-PG-APP-TOO-LARGE,June,2022
trueblood009j-XL,1,AMZ-PG-APP-TOO-SMALL,June,2022
220785-DumbDumber-ORNG-XL,1,CR-DEFECTIVE,June,2022
220786-LT-DumbDumber-BLUE-M,1,CR-DEFECTIVE,June,2022
220079-SharkChubSuitBlue-Adult,1,CR-MISSING_PARTS,June,2022
220801-NasaSkiSuit-M,1,CR-ORDERED_WRONG_ITEM,June,2022
LolaSleepSet-WB1787-69-S,1,AMZ-PG-APP-TOO-SMALL,June,2022
alsunny001green-L,1,CR-MISSED_ESTIMATED_DELIVERY,June,2022
A9249-MarvelDress-M,1,AMZ-PG-APP-TOO-LARGE,June,2022
btlc004-L,1,AMZ-PG-APP-TOO-LARGE,June,2022
DSTS26LGS-BuzzLightyearJuniotsTshirt-XL,1,AMZ-PG-APP-TOO-LARGE,June,2022
wonderbreadhat001,1,CR-MISSED_ESTIMATED_DELIVERY,June,2022
snlbearsLONGsweater-XL,1,AMZ-PG-APP-TOO-SMALL,June,2022
220786-LT-DumbDumber-BLUE-XL,1,CR-DEFECTIVE,June,2022
rockyshorts-XL,1,DID_NOT_LIKE_FABRIC,June,2022
blakebobblehead001,1,CR-DEFECTIVE,June,2022
mash002-S,1,DID_NOT_LIKE_FABRIC,June,2022
mash002-M,1,DID_NOT_LIKE_FABRIC,June,2022
MightyDucksJersey-Reed-L,1,CR-UNWANTED_ITEM,June,2022
jerseyshoreglasses,1,CR-QUALITY_UNACCEPTABLE,June,2022
220757-AverageJoesWomensSet-L,1,CR-UNWANTED_ITEM,June,2022
usarunningshorts-XXL,1,CR-UNWANTED_ITEM,June,2022
mm003JRSred-M,1,CR-QUALITY_UNACCEPTABLE,June,2022
TweetySleepSet-WB1785-69-S,1,AMZ-PG-APP-STYLE,June,2022
rubiks002-L,1,DID_NOT_LIKE_FABRIC,June,2022
batmancoin1,1,AMZ-PG-BAD-DESC,June,2022
PowerRangers-Blue-SLShirt-M,1,DID_NOT_LIKE_COLOR,June,2022
chubsuitcostume001-Red,1,CR-DEFECTIVE,June,2022
DSTS26LGS-BuzzLightyearJuniotsTshirt-S,1,AMZ-PG-APP-TOO-LARGE,June,2022
NL029-ChristmasVacationPajamaSet-L,1,CR-UNWANTED_ITEM,June,2022
wwe060green-L,1,AMZ-PG-APP-TOO-SMALL,June,2022
220697-MENS-MimeCostumeSet-XL,1,CR-UNWANTED_ITEM,June,2022
semiprocostumePLUS,1,AMZ-PG-APP-TOO-LARGE,June,2022
starwars002-M,1,AMZ-PG-APP-STYLE,June,2022
CY034-ChristmasStoryUnionSuit-3XL,1,AMZ-PG-APP-TOO-LARGE,June,2022
PowerRangers-Red-SLShirt-XL,1,AMZ-PG-APP-TOO-LARGE,June,2022
superherocape002ADULTred-blu,1,CR-MISSED_ESTIMATED_DELIVERY,June,2022
RickMortyPicklePants-RM0242-52-M,1,AMZ-PG-APP-TOO-SMALL,June,2022
ferris010-M,1,AMZ-PG-APP-TOO-LARGE,June,2022
woodycostumeshirt-L-XL,1,AMZ-PG-APP-TOO-SMALL,June,2022
ElvisGlasses001-Silver,2,CR-DEFECTIVE,June,2022
machomanbandana-Pink,1,DID_NOT_LIKE_COLOR,June,2022
leagueoftheirowncostume-XXLdeluxe,1,AMZ-PG-APP-TOO-SMALL,June,2022
waldocostumeDELUXE-XXL,1,CR-DEFECTIVE,June,2022
rockyshorts-S,1,CR-DEFECTIVE,June,2022
TSM20002TV-WoodyBelt-S,1,AMZ-PG-APP-TOO-SMALL,June,2022
100584-SheriffBoots-4/5,1,AMZ-PG-APP-TOO-SMALL,June,2022
bigldudecostume001-L,1,AMZ-PG-APP-TOO-LARGE,June,2022
tmnt016-Mike-Mens-XS,1,AMZ-PG-APP-TOO-LARGE,June,2022
richardsimmons001-XXL,1,AMZ-PG-APP-TOO-SMALL,June,2022
hoosiers003-XL,1,AMZ-PG-APP-TOO-SMALL,June,2022
220785-DumbDumber-ORNG-L,1,CR-ORDERED_WRONG_ITEM,June,2022
RWTM09-BabyYodaUCS-XL,1,AMZ-PG-APP-TOO-SMALL,June,2022
220080-SharkChubSuitPink-Adult,1,CR-DEFECTIVE,June,2022
captamerica031-XL,1,AMZ-PG-APP-TOO-LARGE,June,2022
dodgeball003-XXL,1,CR-DEFECTIVE,June,2022
QF009BBSTV-BlueyPajamas-2T,1,CR-DEFECTIVE,June,2022
10068387-BuzzPajamaSet-XL,1,CR-UNWANTED_ITEM,June,2022
flinttropicssocks,1,CR-UNWANTED_ITEM,June,2022
mm003JRSyellow-XXL,1,AMZ-PG-APP-TOO-SMALL,June,2022
hangoverglasses,1,AMZ-PG-BAD-DESC,June,2022
jerseyshoreglasses,1,CR-MISSING_PARTS,June,2022
waynesworldcostumeset002-M,1,CR-UNWANTED_ITEM,June,2022
OktoberfestSocks-100515,1,AMZ-PG-APP-STYLE,June,2022
caddyshackhat002,1,CR-UNWANTED_ITEM,June,2022
scottpilgrim004-XXL,1,CR-MISSED_ESTIMATED_DELIVERY,June,2022
stepbros010-3XL,1,AMZ-PG-APP-TOO-LARGE,June,2022
BoxingRobe-Black,1,CR-UNWANTED_ITEM,June,2022
RickMortyPajamaSet-JCITV-XL,1,AMZ-PG-APP-TOO-SMALL,June,2022
thewarrior001-S-M,1,CR-MISSED_ESTIMATED_DELIVERY,June,2022
ricekrispiesdressCRACKLE-XL,1,AMZ-PG-APP-TOO-SMALL,June,2022
ricekrispiesdressPOP-L,1,AMZ-PG-APP-TOO-SMALL,June,2022
ricekrispiesdressSNAP-L,1,AMZ-PG-APP-TOO-SMALL,June,2022
sein023-M,1,AMZ-PG-APP-TOO-SMALL,June,2022
bigldudecostume001-L,1,AMZ-PG-APP-TOO-LARGE,June,2022
bigldudecostume001-XXL,1,AMZ-PG-APP-TOO-LARGE,June,2022
220080-SharkChubSuitPink-Adult,1,AMZ-PG-BAD-DESC,June,2022
220079-SharkChubSuitBlue-Adult,1,AMZ-PG-BAD-DESC,June,2022
caddyshackhat002,1,AMZ-PG-APP-STYLE,June,2022
karatekidcobrakaidlxcostumetXL-Deluxe-XL,1,CR-DEFECTIVE,June,2022
caddyshackhat003,1,CR-UNWANTED_ITEM,June,2022
hoosiers003-XL,1,CR-UNWANTED_ITEM,June,2022
220757-AverageJoesWomensSet-M,1,CR-UNWANTED_ITEM,June,2022
sein023-XL,1,AMZ-PG-APP-TOO-SMALL,June,2022
prettywomandress,1,CR-MISSED_ESTIMATED_DELIVERY,June,2022
BoxingRobe-Black,1,AMZ-PG-APP-STYLE,June,2022
frankie002-L,1,DID_NOT_LIKE_FABRIC,June,2022
legendstemplepurp-S,1,AMZ-PG-APP-TOO-SMALL,June,2022
frankie002-M,1,DID_NOT_LIKE_FABRIC,June,2022
bvswwcostume-S,1,AMZ-PG-APP-TOO-SMALL,June,2022
incredhulk006-L,1,AMZ-PG-APP-TOO-LARGE,June,2022
scottpilgrim004-XL,1,CR-ORDERED_WRONG_ITEM,June,2022
plumtree001-XL,1,AMZ-PG-APP-TOO-SMALL,June,2022
WB1243-WB1246-BatmanCostumeSet-S,1,AMZ-PG-APP-TOO-SMALL,June,2022
karatekidcobrakaidlxcostumetXL-Deluxe-XL,1,CR-UNWANTED_ITEM,June,2022
hollywoodhogancostumeset-XL,1,CR-MISSED_ESTIMATED_DELIVERY,June,2022
100980-TheQueenMusicBeltArmband,1,CR-UNWANTED_ITEM,June,2022
220744-AhoySailorCostume-MENS-XS,1,AMZ-PG-APP-TOO-LARGE,June,2022
btlc004-S,1,AMZ-PG-APP-TOO-SMALL,June,2022
looneytunes037-M,1,CR-UNWANTED_ITEM,June,2022
ricflare001-yellow,1,AMZ-PG-APP-TOO-SMALL,June,2022
sein023-M,1,AMZ-PG-APP-TOO-LARGE,June,2022
DSTS26LGS-BuzzLightyearJuniotsTshirt-S,1,AMZ-PG-APP-TOO-SMALL,June,2022
sbtbslaterjersey-XL,1,AMZ-PG-BAD-DESC,June,2022
RickMortyPicklePants-RM0242-52-M,1,AMZ-PG-APP-TOO-SMALL,June,2022
drseuss027thing1-L,1,CR-UNWANTED_ITEM,June,2022
sein034-XL,1,AMZ-PG-APP-TOO-LARGE,June,2022
biglpants001-M,1,AMZ-PG-APP-TOO-SMALL,June,2022
heavyweights001TANK-M,1,CR-SWITCHEROO,June,2022
ateam001-XL,1,AMZ-PG-APP-TOO-LARGE,June,2022
starwars088-M,1,CR-QUALITY_UNACCEPTABLE,June,2022
hulkhogancostumesetREDsunYELban-XL,1,CR-SWITCHEROO,June,2022
220862-CrewMate-Green-TEEN,1,CR-MISSED_ESTIMATED_DELIVERY,June,2022
RMSA3879TV-RickMortyPants-XL,1,AMZ-PG-APP-STYLE,June,2022
coketankdress-3XL,1,AMZ-PG-APP-TOO-SMALL,June,2022
tmnt047tankdressDon-XL,1,AMZ-PG-APP-TOO-SMALL,June,2022
leagueoftheirowncostume-XXLdeluxe,1,CR-UNWANTED_ITEM,June,2022
sbtbslaterjersey-M,1,AMZ-PG-APP-TOO-LARGE,June,2022
stepbros001-L,1,AMZ-PG-APP-TOO-LARGE,June,2022
sein023-L,1,AMZ-PG-APP-TOO-SMALL,June,2022
richardsimmons001-L-XL,1,CR-UNWANTED_ITEM,June,2022
BuzzLightYearLongSleeveAdultShirt-L,1,DID_NOT_LIKE_FABRIC,June,2022
BuzzLightYearLongSleeveAdultShirt-XL,1,AMZ-PG-APP-TOO-LARGE,June,2022
legendstemplered-L,2,AMZ-PG-APP-TOO-LARGE,June,2022
sein034-XL,1,AMZ-PG-APP-TOO-LARGE,June,2022
ricflare001-blue,1,CR-UNWANTED_ITEM,June,2022
legendstempleblue-L,1,CR-UNWANTED_ITEM,June,2022
domoundiesPINK-M,1,CR-SWITCHEROO,June,2022
220785-DumbDumber-ORNG-XL,1,CR-DEFECTIVE,June,2022
220078-SharkChubSuitYellow-Adult,1,CR-DEFECTIVE,June,2022
100598-MountaineeringVampireGlasses,1,CR-UNWANTED_ITEM,June,2022
acwig,1,CR-DEFECTIVE,June,2022
scarfaceglasses001,1,CR-UNWANTED_ITEM,June,2022
DSTS26LGS-BuzzLightyearJuniotsTshirt-S,1,AMZ-PG-APP-TOO-SMALL,June,2022
Peanuts001-S,1,AMZ-PG-APP-TOO-SMALL,June,2022
captamerica031-XL,1,AMZ-PG-APP-TOO-LARGE,June,2022
bigl032-XXL,1,AMZ-PG-APP-TOO-LARGE,June,2022
WB1658-WB1659-WonderWomanCostumeSet1-S,1,CR-UNWANTED_ITEM,June,2022
mash031-L,1,CR-SWITCHEROO,June,2022
semiprocostumePLUS,1,AMZ-PG-APP-TOO-SMALL,June,2022
RickMortyPajamaSet-JCITV-L,1,AMZ-PG-APP-TOO-SMALL,June,2022
RickMortyPajamaSet-JCITV-S,1,AMZ-PG-APP-TOO-SMALL,June,2022
btlc004-3XL,1,AMZ-PG-APP-TOO-SMALL,June,2022
biglpants001-3XL,1,AMZ-PG-APP-TOO-LARGE,June,2022
tmnt045Mike-XL,1,CR-UNWANTED_ITEM,June,2022
starwars129-XL,1,CR-UNWANTED_ITEM,June,2022
prettywomandress,1,AMZ-PG-APP-TOO-LARGE,June,2022
btlc004-S,1,AMZ-PG-APP-TOO-SMALL,June,2022
jerseyshoreglasses,1,AMZ-PG-BAD-DESC,June,2022
20352-BLK-XL,1,DID_NOT_LIKE_FABRIC,June,2022
204088-HopperHawaiianShirt-XXL,1,AMZ-PG-APP-TOO-LARGE,June,2022
supermantank001-L,1,AMZ-PG-APP-TOO-LARGE,June,2022
TSM20002TV-WoodyBelt-S,1,AMZ-PG-APP-TOO-LARGE,June,2022
bigldudecostume001-XXL,1,AMZ-PG-APP-TOO-LARGE,June,2022
stepbros010-M,1,AMZ-PG-APP-TOO-SMALL,June,2022
pedro004-L,1,AMZ-PG-APP-TOO-LARGE,June,2022
InflatableShark-Teen,1,CR-DEFECTIVE,June,2022
20352-BLK-XL,1,DID_NOT_LIKE_FABRIC,June,2022
trueblood009j-XL,1,AMZ-PG-APP-TOO-SMALL,June,2022
leagueoftheirowncostume-L/XL,1,CR-DEFECTIVE,June,2022
avatar001-S,1,AMZ-PG-APP-TOO-SMALL,June,2022
trueblood009j-XL,1,AMZ-PG-APP-TOO-SMALL,June,2022
powerrangers007-M,1,CR-UNWANTED_ITEM,June,2022
powerrangers018pink-6/12,1,DID_NOT_LIKE_COLOR,June,2022
mm003JRSyellow-XXL,1,AMZ-PG-APP-TOO-SMALL,June,2022
220801-NasaSkiSuit-M,1,CR-SWITCHEROO,June,2022
richardsimmons001-L-XL,1,CR-UNWANTED_ITEM,June,2022
220832-BingoOnesie-3/4,1,CR-UNWANTED_ITEM,June,2022
QF009BBSTV-BlueyPajamas-8,1,CR-UNWANTED_ITEM,June,2022
coketankdress-L,1,AMZ-PG-APP-TOO-SMALL,June,2022
UncleDrew-1235,1,CR-DEFECTIVE,June,2022
topgun014-XXL,1,CR-UNWANTED_ITEM,June,2022
ultimatewarriorbandSet,1,AMZ-PG-BAD-DESC,June,2022
220078-SharkChubSuitYellow-Adult,1,CR-DAMAGED_BY_FC,June,2022
captamerica034-XL,1,AMZ-PG-APP-TOO-SMALL,June,2022
GreaseBlackPajamaSet-GR0059CF-L,1,CR-QUALITY_UNACCEPTABLE,June,2022
starwars095-M,1,CR-QUALITY_UNACCEPTABLE,June,2022
SquidGameSuit-GREEN-240-M,1,CR-DEFECTIVE,June,2022
siliconvalley004-XXL,1,CR-SWITCHEROO,June,2022
YTAS2063TV-PizzaPlanetShirt-L,1,AMZ-PG-APP-TOO-SMALL,June,2022
220783-FlintTropicShorts-S/M,1,AMZ-PG-APP-STYLE,June,2022
powerrangers017green-S,1,CR-UNWANTED_ITEM,June,2022
ricflare001-pink,1,AMZ-PG-APP-TOO-SMALL,June,2022
A9249-MarvelDress-XXL,1,AMZ-PG-APP-TOO-SMALL,June,2022
sriracha004-XL,1,AMZ-PG-APP-STYLE,June,2022
prettywomandress,1,CR-UNWANTED_ITEM,June,2022
220074-PenguinChubSuit-Teen,1,CR-UNWANTED_ITEM,June,2022
220079-SharkChubSuitBlue-Adult,1,CR-DEFECTIVE,June,2022
220080-SharkChubSuitPink-Adult,1,CR-DEFECTIVE,June,2022
superheroglovesLONG-White,1,AMZ-PG-APP-TOO-LARGE,June,2022
ricflare001-blue,1,AMZ-PG-APP-STYLE,June,2022
ProgressiveJamieCostume001,1,CR-UNWANTED_ITEM,June,2022
NasaBoots-PLZZ7270TV-10-11,1,CR-UNWANTED_ITEM,June,2022
custom-NameNum-leagueoftheirown-L-XL,1,AMZ-PG-BAD-DESC,June,2022
204089-ModernLife-L,1,AMZ-PG-APP-TOO-LARGE,June,2022
karatekiddanielcostumetdlxXL-Deluxe-XL,1,AMZ-PG-APP-TOO-LARGE,June,2022
blakebobblehead001,1,CR-DEFECTIVE,June,2022
whitebriefcolors-L,1,AMZ-PG-APP-TOO-SMALL,June,2022
doctorwhopin001,1,CR-MISSING_PARTS,June,2022
karatekidcobrakaidlxcostume-Deluxe,1,AMZ-PG-APP-TOO-LARGE,June,2022
204088-HopperHawaiianShirt-XXL,1,AMZ-PG-APP-TOO-LARGE,June,2022
InflatableGiraffe-Adult,1,CR-MISSED_ESTIMATED_DELIVERY,June,2022
leagueoftheirowncostume-L/XL,1,CR-UNWANTED_ITEM,June,2022
blowpoptankdressAPPLE-S,1,AMZ-PG-APP-TOO-SMALL,June,2022
SquidGameSuit-GREEN-456-3XL,1,CR-ORDERED_WRONG_ITEM,June,2022
bigbang072-L,1,AMZ-PG-APP-TOO-SMALL,June,2022
semiprocostumePLUS,1,CR-MISSED_ESTIMATED_DELIVERY,June,2022
220783-FlintTropicShorts-S/M,1,AMZ-PG-APP-TOO-SMALL,June,2022
ApolloShorts-M,1,AMZ-PG-APP-STYLE,June,2022
sanford068-XXXXL,1,CR-MISSED_ESTIMATED_DELIVERY,June,2022
leagueoftheirowncostume-L/XL,1,CR-UNWANTED_ITEM,June,2022
DSTS26MGS-WoodyJuniorsTshirt-S,1,DID_NOT_LIKE_FABRIC,June,2022
220660bklxl,1,AMZ-PG-APP-TOO-LARGE,June,2022
ProgressiveFLO002,1,CR-UNWANTED_ITEM,June,2022
usa002-XL,1,AMZ-PG-APP-TOO-SMALL,June,2022
204089-ModernLife-XL,1,AMZ-PG-APP-TOO-LARGE,June,2022
fearloathingglasses,1,CR-QUALITY_UNACCEPTABLE,June,2022
PowerRangers-Green-SLShirt-L,1,CR-MISSED_ESTIMATED_DELIVERY,June,2022
220074-PenguinChubSuit-Teen,1,CR-DEFECTIVE,June,2022
TSM20002TV-WoodyBelt-L,1,AMZ-PG-APP-TOO-SMALL,June,2022
machomanbandana-Orange,1,CR-UNWANTED_ITEM,June,2022
220078-SharkChubSuitYellow-Adult,1,CR-UNWANTED_ITEM,June,2022
powerrangers008-M,1,DID_NOT_LIKE_FABRIC,June,2022
PowerRangers-Red-SLShirt-M,1,AMZ-PG-APP-TOO-SMALL,June,2022
PowerRangers-Blue-SLShirt-L,1,CR-SWITCHEROO,June,2022
coketankdress-2X,1,DID_NOT_LIKE_FABRIC,June,2022
suitpajamas001black-M,1,CR-MISSED_ESTIMATED_DELIVERY,June,2022
customshirtLightGrey-L,1,DID_NOT_LIKE_FABRIC,June,2022
legendstempleorg-XL,1,AMZ-PG-APP-TOO-LARGE,June,2022
powerrangers018pink-12/18,1,CR-UNWANTED_ITEM,June,2022
mm001Nyel-S,1,AMZ-PG-APP-TOO-SMALL,June,2022
CY034-ChristmasStoryUnionSuit-3XL,1,AMZ-PG-APP-TOO-SMALL,June,2022
ricflare001-blue,1,CR-DEFECTIVE,June,2022
ElvisGlasses001-Silver,1,CR-SWITCHEROO,June,2022
CocaColaLeggings-CCXX1-XL,1,AMZ-PG-APP-TOO-SMALL,June,2022
220079-SharkChubSuitBlue-Teen,1,CR-MISSED_ESTIMATED_DELIVERY,June,2022
bb8kigurumi-XS,1,AMZ-PG-APP-TOO-SMALL,June,2022
stepbros001-M,1,AMZ-PG-APP-STYLE,June,2022
stepbros001-M,1,AMZ-PG-APP-STYLE,June,2022
NasaBoots-PLZZ7270TV-10-11,2,AMZ-PG-APP-STYLE,June,2022
NasaBoots-PLZZ7270TV-12-13,1,AMZ-PG-APP-STYLE,June,2022
chubsuitcostume001-Orange,1,CR-UNWANTED_ITEM,June,2022
chubsuitcostume001-Green,1,CR-UNWANTED_ITEM,June,2022
uglysweater57-L,1,AMZ-PG-APP-TOO-LARGE,June,2022
220079-SharkChubSuitBlue-Adult,1,CR-UNWANTED_ITEM,June,2022
pedro004-M,1,AMZ-PG-APP-TOO-LARGE,June,2022
hotrodcostumeset-S,1,AMZ-PG-APP-TOO-LARGE,June,2022
bigldudecostume001-XL,1,AMZ-PG-APP-TOO-LARGE,June,2022
GhostbustersDress-25KHA-M,2,CR-UNWANTED_ITEM,June,2022
Futurama003-XL,1,CR-DEFECTIVE,June,2022
BlondeWigBeanie-1233,1,AMZ-PG-APP-STYLE,June,2022
topgun026-S,1,CR-DEFECTIVE,June,2022
topgun026-3X,1,CR-DEFECTIVE,June,2022
220814-PowerRangerPJ-PNK-XL,1,CR-UNWANTED_ITEM,June,2022
rockyshorts-S,1,AMZ-PG-APP-TOO-LARGE,June,2022
PowerRangers-Red-SLShirt-XL,1,CR-NOT_COMPATIBLE,June,2022
PowerRangers-Green-SLShirt-L,1,CR-NOT_COMPATIBLE,June,2022
machomanbandana-Pink,1,DID_NOT_LIKE_COLOR,June,2022
leagueoftheirowncostume-Small/Medium,1,CR-UNWANTED_ITEM,June,2022
bvswwcostume-2X,1,AMZ-PG-BAD-DESC,June,2022
bvswwcostume-2X,1,CR-UNWANTED_ITEM,June,2022
220751-SethSuperbad-3XL,1,CR-UNWANTED_ITEM,June,2022
220751-SethSuperbad-2XL,1,CR-UNWANTED_ITEM,June,2022
220660pksm,1,CR-UNWANTED_ITEM,June,2022
ghost022-L,1,CR-UNWANTED_ITEM,June,2022
caddyshackhat003,1,CR-UNWANTED_ITEM,June,2022
leagueoftheirowncostume-Small/Medium,1,CR-UNWANTED_ITEM,June,2022
220079-SharkChubSuitBlue-Adult,1,CR-UNWANTED_ITEM,June,2022
220078-SharkChubSuitYellow-Adult,1,CR-UNWANTED_ITEM,June,2022
slothcostumeset001-L,1,CR-DEFECTIVE,June,2022
suicidesquad004-XL,1,CR-ORDERED_WRONG_ITEM,June,2022
846523-WonderlandBoyshorts,1,CR-DEFECTIVE,June,2022
M&M-Green-ADULT-Shirt-2XL,1,AMZ-PG-APP-TOO-LARGE,June,2022
220079-SharkChubSuitBlue-Adult,1,AMZ-PG-APP-TOO-LARGE,June,2022
hulkpants001-L,1,DID_NOT_LIKE_FABRIC,June,2022
WB0216-WB0217-DorothyCorsetTutuSet-L,1,AMZ-PG-APP-TOO-SMALL,June,2022
sein023-XL,1,AMZ-PG-APP-TOO-SMALL,June,2022
220660bklxl,1,AMZ-PG-APP-TOO-SMALL,June,2022
PowerRangers-Black-SLShirt-L,1,AMZ-PG-APP-TOO-SMALL,June,2022
PowerRangers-Black-SLShirt-L,1,CR-UNWANTED_ITEM,June,2022
220786-LT-DumbDumber-BLUE-L,1,AMZ-PG-BAD-DESC,June,2022
220785-DumbDumber-ORNG-L,1,CR-DEFECTIVE,June,2022
JohnnyBravoWig,1,AMZ-PG-APP-TOO-LARGE,June,2022
beautybeast001-S-M,1,CR-UNWANTED_ITEM,June,2022
starwars164-XXL,1,AMZ-PG-APP-TOO-LARGE,June,2022
stepbros010-XXL,1,AMZ-PG-APP-TOO-LARGE,June,2022
spidermantankdressBLUE-M,1,CR-UNWANTED_ITEM,June,2022
QueenofMusic-Armband,1,AMZ-PG-BAD-DESC,June,2022
stepbros011-XXL,1,AMZ-PG-APP-TOO-LARGE,June,2022
ImperialOfficerCap-ECSW2060TV-Black,1,CR-FOUND_BETTER_PRICE,June,2022
oktoberfestmaid001GREY-10,1,AMZ-PG-APP-TOO-LARGE,June,2022
btlc004-S,1,AMZ-PG-APP-TOO-SMALL,June,2022
220079-SharkChubSuitBlue-Teen,1,CR-MISSED_ESTIMATED_DELIVERY,June,2022
nerdstankdressPURPLE-M,1,CR-SWITCHEROO,June,2022
bigl032-XXL,1,AMZ-PG-APP-TOO-LARGE,June,2022
A9249-MarvelDress-XXL,1,AMZ-PG-APP-TOO-SMALL,June,2022
semiprocostumePLUS,1,AMZ-PG-APP-TOO-SMALL,June,2022
220627-youth1,1,CR-UNWANTED_ITEM,June,2022
starwars129-XXL,1,CR-UNWANTED_ITEM,June,2022
leagueoftheirowncostume-XXLdeluxe,2,AMZ-PG-APP-TOO-SMALL,June,2022
legendstempleblue-S,1,CR-MISSED_ESTIMATED_DELIVERY,June,2022
DiscoShirt-204055-L/XL,1,CR-UNWANTED_ITEM,June,2022
tmntapriloneilcostume-L/XL,1,CR-QUALITY_UNACCEPTABLE,June,2022
nsc001-STD,1,CR-MISSED_ESTIMATED_DELIVERY,June,2022
220660pklxl,1,CR-UNWANTED_ITEM,June,2022
220660pklxl,1,AMZ-PG-APP-TOO-SMALL,June,2022
sriracha005jrs-M,1,CR-UNWANTED_ITEM,June,2022
spacedogwig001,1,CR-DEFECTIVE,June,2022
chubsuitcostume001Teen-Blue,1,CR-DEFECTIVE,June,2022
leagueoftheirowncostume-XXLdeluxe,1,AMZ-PG-APP-TOO-SMALL,June,2022
BenFranklin-1193,1,AMZ-PG-BAD-DESC,June,2022
sein023-L,1,AMZ-PG-APP-TOO-SMALL,June,2022
waynesworldcostumeset002-L,1,CR-MISSED_ESTIMATED_DELIVERY,June,2022
220799-QuailMan-L,1,CR-UNWANTED_ITEM,June,2022
soahat005-S/M,1,AMZ-PG-APP-TOO-SMALL,June,2022
tmntmasks-Purple,1,AMZ-PG-BAD-DESC,June,2022
mm003JRSred-M,1,AMZ-PG-APP-STYLE,June,2022
PowerRangers-Green-SLShirt-L,1,AMZ-PG-APP-STYLE,June,2022
fearloathingglasses,1,AMZ-PG-APP-TOO-LARGE,June,2022
85536-RDashWingsAd,1,CR-QUALITY_UNACCEPTABLE,June,2022
leagueoftheirowncostume-Small/Medium,1,AMZ-PG-APP-TOO-SMALL,June,2022
XO011MBSTV-TopGunPajamaSuit-L,2,AMZ-PG-APP-TOO-SMALL,June,2022
topgun014-L,1,AMZ-PG-APP-TOO-SMALL,June,2022
220660rlxl,1,CR-DEFECTIVE,June,2022
jerseyshoreglasses,1,CR-MISSING_PARTS,June,2022
220080-SharkChubSuitPink-Adult,1,CR-SWITCHEROO,June,2022
220863-CrewMate-Pink-STD,1,CR-MISSED_ESTIMATED_DELIVERY,June,2022
M&M-Yellow-JUNIORS-Shirt-M,1,AMZ-PG-APP-STYLE,June,2022
pjmasks002-2T,1,AMZ-PG-APP-TOO-SMALL,June,2022
suitpajamas001black-M,1,CR-UNWANTED_ITEM,June,2022
boratthong,1,CR-UNWANTED_ITEM,June,2022
220799-QuailMan-S,1,CR-UNWANTED_ITEM,June,2022
topgun014-L,1,CR-UNWANTED_ITEM,June,2022
eastbound018-XXL,1,AMZ-PG-APP-TOO-LARGE,June,2022
dresshat001HAT1-Green,1,AMZ-PG-APP-STYLE,June,2022
bodysuit001white-TEEN,1,AMZ-PG-APP-TOO-SMALL,June,2022
bodysuit001white-TEEN,1,AMZ-PG-APP-TOO-SMALL,June,2022
RM0314-TShirtPantsPajamaSet-L,1,AMZ-PG-APP-TOO-SMALL,June,2022
220785-DumbDumber-ORNG-XL,1,CR-DEFECTIVE,June,2022
machomanbandana-Pink,1,DID_NOT_LIKE_COLOR,June,2022
starwars017-L,1,AMZ-PG-APP-TOO-SMALL,June,2022
PowerRangers-Green-SLShirt-2XL,1,DID_NOT_LIKE_COLOR,June,2022
GM0002-TrixRabbitLoungePants-M,1,AMZ-PG-APP-TOO-SMALL,June,2022
peanuts031-M,1,AMZ-PG-APP-TOO-SMALL,June,2022
220783-FlintTropicShorts-S/M,1,AMZ-PG-APP-TOO-SMALL,June,2022
fearloathingglasses,1,AMZ-PG-APP-STYLE,June,2022
fauxshirt004-L,1,CR-DEFECTIVE,June,2022
220777-BigBoyOverall-ORANGE-L/XL,1,DID_NOT_LIKE_FABRIC,June,2022
topgun014-XL,1,AMZ-PG-APP-TOO-SMALL,June,2022
topgun014-XXL,1,AMZ-PG-APP-TOO-SMALL,June,2022
captamerica031-XL,2,AMZ-PG-APP-TOO-LARGE,June,2022
stepbros010-S,1,DID_NOT_LIKE_FABRIC,June,2022
starwars037-S,1,CR-UNWANTED_ITEM,June,2022
TSM20002TV-WoodyBelt-M,1,AMZ-PG-APP-TOO-SMALL,June,2022
ncishat,1,CR-UNWANTED_ITEM,June,2022
theflash021-XXL,1,AMZ-PG-APP-TOO-SMALL,June,2022
theflash021-XXL,1,AMZ-PG-APP-TOO-SMALL,June,2022
100581-CousinEddieShoe-11,1,AMZ-PG-APP-STYLE,June,2022
hulkhogancostumesetYELsunYELban-M,1,CR-UNWANTED_ITEM,June,2022
220743-FlintTropicsSHORTS-L/XL,1,CR-UNWANTED_ITEM,June,2022
220783-FlintTropicShorts-2XL,1,CR-UNWANTED_ITEM,June,2022
starwars002-S,2,CR-UNWANTED_ITEM,June,2022
starwars002-M,1,CR-UNWANTED_ITEM,June,2022
ImperialOfficerCap-ECSW2060TV-Olive,1,AMZ-PG-APP-TOO-SMALL,June,2022
bigldudecostume001-XXL,1,AMZ-PG-APP-TOO-LARGE,June,2022
K4SA2128TV-CobraKaiPants-L,1,AMZ-PG-APP-TOO-SMALL,June,2022
DSTS26LGS-BuzzLightyearJuniotsTshirt-XS,1,AMZ-PG-APP-TOO-LARGE,June,2022
ImperialOfficerCap-ECSW2060TV-Gray,2,CR-MISSED_ESTIMATED_DELIVERY,June,2022
mm001Norg-L,1,CR-UNWANTED_ITEM,June,2022
bvswwcostume-S,1,DID_NOT_LIKE_FABRIC,June,2022
greatest002-L,1,AMZ-PG-APP-TOO-SMALL,June,2022
QF009BBSTV-BlueyPajamas-3T,1,AMZ-PG-BAD-DESC,June,2022
dodgeball003N-M,1,CR-UNWANTED_ITEM,June,2022
dodgeball003N-L,1,CR-UNWANTED_ITEM,June,2022
ProgressiveFLO002,1,CR-UNWANTED_ITEM,June,2022
theflash021-XXL,1,AMZ-PG-APP-TOO-SMALL,June,2022
leagueoftheirowncostume-L/XL,1,CR-ORDERED_WRONG_ITEM,June,2022
waldocostumeDELUXE-BOYS-M,1,CR-DAMAGED_BY_FC,June,2022
waldocostumeDELUXE-L,1,CR-UNWANTED_ITEM,June,2022
spacedogwig001,1,CR-MISSED_ESTIMATED_DELIVERY,June,2022
220776-BigBoyOverall-BLUE-S/M,1,DID_NOT_LIKE_FABRIC,June,2022
1158-WhiteFuManchuBeardWig,1,CR-QUALITY_UNACCEPTABLE,June,2022
ricflare001-pink,1,CR-QUALITY_UNACCEPTABLE,June,2022
hangoverglasses,1,AMZ-PG-APP-STYLE,June,2022
220786-LT-DumbDumber-BLUE-2XL,1,CR-UNWANTED_ITEM,June,2022
220785-DumbDumber-ORNG-XL,1,CR-UNWANTED_ITEM,June,2022
ImperialOfficerCap-ECSW2060TV-Olive,1,AMZ-PG-APP-STYLE,June,2022
WB1658-WB1659-WonderWomanCostumeSet1-XL,1,AMZ-PG-BAD-DESC,June,2022
20282-S-M,1,AMZ-PG-APP-TOO-LARGE,June,2022
soahat005-S/M,1,AMZ-PG-APP-TOO-SMALL,June,2022
powerrangerssweatshirtRed-M,1,AMZ-PG-APP-TOO-LARGE,June,2022
220743-FlintTropicsSHORTS-L/XL,1,CR-UNWANTED_ITEM,June,2022
flinttropicssocks,1,CR-UNWANTED_ITEM,June,2022
drseuss015-XXL,1,AMZ-PG-APP-TOO-SMALL,June,2022
amywinehousewig,1,AMZ-PG-BAD-DESC,June,2022
starwars017-XXL,1,AMZ-PG-APP-TOO-LARGE,June,2022
dodgeball003-XS,1,CR-UNWANTED_ITEM,June,2022
oktoberfestmaid001PURPLE-22,1,CR-UNWANTED_ITEM,June,2022
chubsuitcostume002-orange,1,CR-UNWANTED_ITEM,June,2022
jerseyshoreglasses,1,CR-DAMAGED_BY_FC,June,2022
thewarrior001-L-XL,1,CR-UNAUTHORIZED_PURCHASE,June,2022
ferris010-M,1,CR-QUALITY_UNACCEPTABLE,June,2022
220660rlxl,1,CR-ORDERED_WRONG_ITEM,June,2022
mm003JRSblue-S,1,AMZ-PG-APP-TOO-SMALL,June,2022
sein023-XXL,1,AMZ-PG-APP-TOO-SMALL,June,2022
bigldudecostume001-XL,1,AMZ-PG-APP-TOO-LARGE,June,2022
starwars017-XXL,1,AMZ-PG-APP-TOO-LARGE,June,2022
tmnt045Don-M,1,AMZ-PG-BAD-DESC,June,2022
RickMortyPicklePants-RM0242-52-M,1,AMZ-PG-APP-STYLE,June,2022
blowpoptankdressAPPLE-M,1,AMZ-PG-APP-TOO-LARGE,June,2022
220078-SharkChubSuitYellow-Adult,1,CR-UNWANTED_ITEM,June,2022
220080-SharkChubSuitPink-Adult,1,CR-UNWANTED_ITEM,June,2022
M&M-Green-ADULT-Shirt-XL,1,CR-UNWANTED_ITEM,June,2022
mm001Nred-S,1,CR-UNWANTED_ITEM,June,2022
M&M-Yellow-ADULT-Shirt-XL,1,CR-UNWANTED_ITEM,June,2022
mm001Nblu-L,1,CR-UNWANTED_ITEM,June,2022
mm001Nyel-S,1,CR-UNWANTED_ITEM,June,2022
mm001Norg-XL,1,CR-UNWANTED_ITEM,June,2022
mypony090-M,1,AMZ-PG-APP-TOO-SMALL,June,2022
nwo001-M,1,AMZ-PG-APP-TOO-SMALL,June,2022
220660gldsm,1,DID_NOT_LIKE_FABRIC,June,2022
sein023-XL,1,AMZ-PG-APP-TOO-SMALL,June,2022
starwars164-M,1,AMZ-PG-APP-STYLE,June,2022
InflatableShark-Teen,2,CR-MISSING_PARTS,June,2022
junk061-M,1,AMZ-PG-APP-TOO-SMALL,June,2022
220079-SharkChubSuitBlue-Adult,1,AMZ-PG-APP-TOO-LARGE,June,2022
220078-SharkChubSuitYellow-Adult,1,AMZ-PG-APP-TOO-LARGE,June,2022
TSM20002TV-WoodyBelt-M,1,AMZ-PG-APP-TOO-LARGE,June,2022
PowerRangers-White-SLShirt-XL,1,CR-DEFECTIVE,June,2022
PowerRangers-Red-SLShirt-XL,1,AMZ-PG-APP-TOO-LARGE,June,2022
duckdynasty016-S,1,AMZ-PG-APP-TOO-SMALL,June,2022
drseuss015-XL,1,CR-MISSED_ESTIMATED_DELIVERY,June,2022
drseuss015-L,1,CR-UNWANTED_ITEM,June,2022
SquidGameSuit-GREEN-001-3XL,1,CR-UNWANTED_ITEM,June,2022
powerrangers017black-XS,1,CR-UNWANTED_ITEM,June,2022
mm003JRSgreen-L,1,AMZ-PG-BAD-DESC,June,2022
mm003JRSblue-XXL,1,AMZ-PG-APP-TOO-SMALL,June,2022
DSTS26LGS-BuzzLightyearJuniotsTshirt-S,1,AMZ-PG-APP-TOO-SMALL,June,2022
RetroWigHeadband-1191,1,CR-UNAUTHORIZED_PURCHASE,June,2022
mm001Nred-L,1,CR-DEFECTIVE,June,2022
caddyshackhat003,1,CR-UNWANTED_ITEM,June,2022
btlc004-S,1,AMZ-PG-APP-TOO-LARGE,June,2022
NSSA3485TV-NarutoPants-M,1,CR-FOUND_BETTER_PRICE,June,2022
220793-MasterRoshiShirt-S,1,AMZ-PG-APP-TOO-SMALL,June,2022
suicidesquad004-XL,1,CR-UNWANTED_ITEM,June,2022
suicidesquad003-XL,1,CR-UNWANTED_ITEM,June,2022
220660pksm,1,AMZ-PG-APP-STYLE,June,2022
mm001Nyel-XXL,2,CR-UNWANTED_ITEM,June,2022
mm003JRSblue-XXL,1,AMZ-PG-APP-TOO-SMALL,June,2022
mm001Nred-XL,5,AMZ-PG-APP-TOO-LARGE,June,2022
mm001Nblu-XXL,1,AMZ-PG-APP-TOO-LARGE,June,2022
mm003JRSyellow-XXL,1,AMZ-PG-APP-TOO-SMALL,June,2022
mm001Norg-XL,4,AMZ-PG-APP-TOO-LARGE,June,2022
mm003JRSorange-XXL,1,AMZ-PG-APP-TOO-SMALL,June,2022
mm001Ngrn-3XL,4,AMZ-PG-APP-TOO-LARGE,June,2022
mm001Nred-XXL,2,AMZ-PG-APP-TOO-LARGE,June,2022
mm003JRSorange-XXL,1,CR-UNWANTED_ITEM,June,2022
mm001Nyel-XXL,2,CR-UNWANTED_ITEM,June,2022
mm003JRSyellow-XXL,1,CR-UNWANTED_ITEM,June,2022
mm001Nblu-XXL,1,CR-UNWANTED_ITEM,June,2022
mm001Nred-XXL,2,CR-UNWANTED_ITEM,June,2022
mm003JRSblue-XXL,1,CR-UNWANTED_ITEM,June,2022
mm001Nred-XL,5,CR-UNWANTED_ITEM,June,2022
karatekiddanielcostumetdlxXL-Deluxe-XL,1,AMZ-PG-APP-TOO-SMALL,June,2022
SlytherinRobe-HP0284-L/XL,1,CR-UNWANTED_ITEM,June,2022
RickMortyPajamaSet-JCITV-L,1,AMZ-PG-APP-TOO-SMALL,June,2022
waynesworldcostumeset002-S,1,CR-MISSED_ESTIMATED_DELIVERY,June,2022
lego017-5-6,1,AMZ-PG-APP-TOO-LARGE,June,2022
simpsonsduffhat,1,CR-UNWANTED_ITEM,June,2022
ducktie,1,CR-UNWANTED_ITEM,June,2022
Peanuts001-XL,1,DID_NOT_LIKE_COLOR,June,2022
supergirlswim001a-XL,1,DID_NOT_LIKE_FABRIC,June,2022
220077-HotDogChubSuit-Teen,1,AMZ-PG-APP-TOO-SMALL,June,2022
superherocape002ADULTred-blu,1,CR-UNWANTED_ITEM,June,2022
hoosiers003-XXL,1,DID_NOT_LIKE_FABRIC,June,2022
oktoberfestmaid001GREEN-4,1,AMZ-PG-APP-STYLE,June,2022
archer002Silver-XL,1,AMZ-PG-APP-TOO-LARGE,June,2022
BretHitmanSunglasses,1,CR-UNWANTED_ITEM,June,2022
PowerRangersSocks-Black,1,AMZ-PG-APP-STYLE,June,2022
suicidesquad003-M,1,CR-UNWANTED_ITEM,June,2022
CY034-ChristmasStoryUnionSuit-S,1,AMZ-PG-APP-STYLE,June,2022
220785-DumbDumber-ORNG-L,1,CR-ORDERED_WRONG_ITEM,June,2022
220785-DumbDumber-ORNG-M,1,CR-ORDERED_WRONG_ITEM,June,2022
PowerRangers-Red-SLShirt-M,1,AMZ-PG-APP-TOO-LARGE,June,2022
captamerica031-L,1,AMZ-PG-APP-TOO-LARGE,June,2022
monstersinc003-XL,1,AMZ-PG-APP-TOO-SMALL,June,2022
100980-TheQueenMusicBeltArmband,1,CR-UNWANTED_ITEM,June,2022
leagueoftheirowncostume-L/XL,1,CR-DEFECTIVE,June,2022
220654-XLT,1,AMZ-PG-APP-STYLE,June,2022
nintendo020-S,1,CR-UNWANTED_ITEM,June,2022
204072-OfficeBossComboSet-S,1,AMZ-PG-APP-TOO-SMALL,June,2022
Fearloathing-LasVegasVisorSet,1,CR-DEFECTIVE,June,2022
Fearloathing-LasVegasVisorSet,1,CR-DEFECTIVE,June,2022
GM0002-TrixRabbitLoungePants-M,1,AMZ-PG-APP-TOO-LARGE,June,2022
GM0002-TrixRabbitLoungePants-S,1,AMZ-PG-APP-TOO-SMALL,June,2022
ducktie,1,AMZ-PG-APP-STYLE,June,2022
220753-RockfordPeachesBOYS-10/12,1,CR-MISSED_ESTIMATED_DELIVERY,June,2022
alsunny015-XL,1,DID_NOT_LIKE_FABRIC,June,2022
JohnnyBravoWig,1,CR-UNWANTED_ITEM,June,2022
legendstempleblue-L,1,AMZ-PG-APP-TOO-LARGE,June,2022
220660gldlxl,1,AMZ-PG-BAD-DESC,June,2022
soaglasses001,1,CR-SWITCHEROO,June,2022
204055-NEW-GoldDiscoShirt-XXL,1,CR-DEFECTIVE,June,2022
220660bllxl,1,AMZ-PG-APP-TOO-SMALL,June,2022
RickMortyPicklePants-RM0242-52-S,1,AMZ-PG-APP-TOO-SMALL,June,2022
jerseyshoreglasses,1,CR-UNWANTED_ITEM,June,2022
leagueoftheirowncostume-L/XL,1,CR-ORDERED_WRONG_ITEM,June,2022
220783-FlintTropicShorts-S/M,1,CR-UNWANTED_ITEM,June,2022
220786-LT-DumbDumber-BLUE-L,1,CR-UNWANTED_ITEM,June,2022
leagueoftheirowncostume-XXLdeluxe,1,AMZ-PG-APP-TOO-SMALL,June,2022
customshirtWhite-XXL,4,CR-DEFECTIVE,June,2022
204055-NEW-GoldDiscoShirt-XXL,1,CR-SWITCHEROO,June,2022
204074-QuaggyGiggityShirt-M,1,AMZ-PG-APP-TOO-SMALL,June,2022
leagueoftheirowncostume-L/XL,1,AMZ-PG-BAD-DESC,June,2022
acwig,1,AMZ-PG-APP-STYLE,June,2022
220745-AhoySailorCostume-WOMENS-XXL,1,AMZ-PG-APP-TOO-SMALL,June,2022
bigldudecostume001-S,1,AMZ-PG-APP-TOO-LARGE,June,2022
germanshirtBLUE-XL,1,AMZ-PG-APP-TOO-SMALL,June,2022
suicidesquad003-L,1,AMZ-PG-APP-TOO-SMALL,June,2022
acwig,1,CR-UNWANTED_ITEM,June,2022
amywinehousewig,1,CR-UNAUTHORIZED_PURCHASE,June,2022
leagueoftheirowncostume-XXLdeluxe,1,AMZ-PG-APP-TOO-SMALL,June,2022
powerrangers017red-S,1,AMZ-PG-APP-TOO-SMALL,June,2022
tmnt045Don-M,1,AMZ-PG-BAD-DESC,June,2022
fearloathingglasses,1,AMZ-PG-APP-STYLE,June,2022
bvswwcostume-L,1,CR-UNAUTHORIZED_PURCHASE,June,2022
101001-MachoManBandana,1,CR-UNWANTED_ITEM,June,2022
102025-InfOrnament-18-Green,1,CR-MISSED_ESTIMATED_DELIVERY,June,2022
220079-SharkChubSuitBlue-Teen,1,AMZ-PG-APP-TOO-SMALL,June,2022
220793-MartyShirt-XL,1,CR-MISSED_ESTIMATED_DELIVERY,June,2022
usasocks001,1,CR-UNWANTED_ITEM,June,2022
SerpentNecklace,1,CR-SWITCHEROO,June,2022
SlytherinRobe-HP0284-L/XL,1,AMZ-PG-APP-TOO-LARGE,June,2022
SlytherinRobe-HP0284-S/M,1,AMZ-PG-APP-TOO-SMALL,June,2022
220785-DumbDumber-ORNG-L,1,CR-UNWANTED_ITEM,June,2022
220786-LT-DumbDumber-BLUE-2XL,1,CR-UNWANTED_ITEM,June,2022
mm003JRSgreen-M,1,AMZ-PG-APP-TOO-LARGE,June,2022
starwars088-M,1,AMZ-PG-APP-TOO-SMALL,June,2022
220712-DoctorScrubsKids-14/16,1,AMZ-PG-BAD-DESC,June,2022
tmnt045Mike-S,1,CR-UNWANTED_ITEM,June,2022
stepbros011-M,1,AMZ-PG-APP-STYLE,June,2022
starwars088-M,1,AMZ-PG-APP-TOO-SMALL,June,2022
220631-std,1,DID_NOT_LIKE_FABRIC,June,2022
sanford064-M,1,AMZ-PG-APP-TOO-LARGE,June,2022
nerdstankdressPINK-S,1,AMZ-PG-APP-TOO-LARGE,June,2022
topgun014-XXL,1,AMZ-PG-APP-TOO-LARGE,June,2022
doubledare001red-L,1,CR-UNWANTED_ITEM,June,2022
doubledare001red-M,1,CR-UNWANTED_ITEM,June,2022
sesame034-6,1,DID_NOT_LIKE_FABRIC,June,2022
220080-SharkChubSuitPink-Adult,1,CR-UNWANTED_ITEM,June,2022
220079-SharkChubSuitBlue-Adult,1,CR-UNWANTED_ITEM,June,2022
bigldudecostume001-M,1,DID_NOT_LIKE_FABRIC,June,2022
frankie002-L,1,CR-QUALITY_UNACCEPTABLE,June,2022
starwars089-L,1,AMZ-PG-APP-TOO-SMALL,June,2022
10056227-DuffBeerShirt-XXL,1,AMZ-PG-APP-TOO-SMALL,June,2022
CY034-ChristmasStoryUnionSuit-M,1,DID_NOT_LIKE_FABRIC,June,2022
220793-MasterRoshiShirt-S,1,CR-MISSED_ESTIMATED_DELIVERY,June,2022
rockyrobe2,1,AMZ-PG-APP-STYLE,June,2022
220074-PenguinChubSuit-Teen,1,CR-UNWANTED_ITEM,June,2022
220743-FlintTropicsSHORTS-L/XL,1,AMZ-PG-APP-TOO-SMALL,June,2022
leagueoftheirowncostume-XXLdeluxe,1,CR-UNWANTED_ITEM,June,2022
220079-SharkChubSuitBlue-Adult,1,CR-SWITCHEROO,June,2022
